timestamp_utc,overall_available,cheapest_price,vast_available,vast_price,lambda_available,lambda_price,runpod_available,runpod_price
2026-07-16 00:56:37,1,0.5,1,1.944,0,,1,0.5
2026-07-16 03:19:03,1,1.944,1,1.944,0,,1,3.59
2026-07-16 11:52:51,1,1.944,1,1.944,0,,1,3.59
2026-07-16 12:07:22,1,1.944,1,1.944,0,,1,3.59
2026-07-16 15:22:11,1,1.944,1,1.944,0,,1,3.59
2026-07-16 19:43:33,1,1.944,1,1.944,0,,1,3.59
2026-07-16 23:12:00,1,1.944,1,1.944,0,,1,3.59
2026-07-17 02:08:52,1,0.5,1,1.944,0,,1,0.5
2026-07-17 02:09:18,1,0.5,1,1.944,0,,1,0.5
2026-07-17 02:10:16,1,0.5,1,1.944,0,,1,0.5
2026-07-17 02:19:30,1,0.5,1,1.936,0,,1,0.5
2026-07-17 02:20:14,1,0.5,1,1.936,0,,1,0.5
2026-07-17 02:29:09,1,1.936,1,1.936,0,,1,3.59
2026-07-17 02:30:19,1,1.936,1,1.936,0,,1,3.59
2026-07-17 02:40:16,1,1.936,1,1.936,0,,1,3.59
2026-07-17 02:50:14,1,1.936,1,1.936,0,,1,3.59
2026-07-17 03:00:21,1,1.936,1,1.936,0,,1,3.59
2026-07-17 03:10:14,1,1.936,1,1.936,0,,1,3.59
2026-07-17 03:20:15,1,1.936,1,1.936,0,,1,3.59
2026-07-17 03:30:18,1,1.936,1,1.936,0,,1,3.59
2026-07-17 03:40:11,1,1.936,1,1.936,0,,1,3.59
2026-07-17 03:50:13,1,1.936,1,1.936,1,2.29,1,3.59
2026-07-17 04:00:17,1,1.936,1,1.936,0,,1,3.59
2026-07-17 04:10:19,1,1.936,1,1.936,0,,1,3.59
2026-07-17 04:20:12,1,0.5,1,1.936,0,,1,0.5
2026-07-17 04:30:14,1,1.936,1,1.936,0,,1,3.59
2026-07-17 04:40:13,1,1.936,1,1.936,0,,1,3.59
2026-07-17 04:50:13,1,1.936,1,1.936,0,,1,3.59
2026-07-17 05:00:19,1,1.936,1,1.936,0,,1,3.59
2026-07-17 05:10:16,1,1.936,1,1.936,0,,1,3.59
2026-07-17 05:20:13,1,1.936,1,1.936,0,,1,3.59
2026-07-17 05:30:16,1,0.5,1,1.936,0,,1,0.5
2026-07-17 05:40:16,1,0.5,1,1.936,0,,1,0.5
2026-07-17 05:50:14,1,1.936,1,1.936,0,,1,3.59
2026-07-17 06:00:19,1,1.936,1,1.936,0,,1,3.59
2026-07-17 06:10:15,1,1.936,1,1.936,0,,1,3.59
2026-07-17 06:20:15,1,1.936,1,1.936,0,,1,3.59
2026-07-17 06:30:15,1,1.936,1,1.936,0,,1,3.59
2026-07-17 06:40:16,1,0.5,1,1.936,0,,1,0.5
2026-07-17 06:50:15,1,1.936,1,1.936,0,,1,3.59
2026-07-17 07:00:20,1,0.5,1,1.936,0,,1,0.5
2026-07-17 07:10:13,1,1.936,1,1.936,0,,1,3.59
2026-07-17 07:20:15,1,1.936,1,1.936,0,,1,3.59
2026-07-17 07:30:16,1,1.936,1,1.936,0,,1,3.59
2026-07-17 07:31:02,1,1.936,1,1.936,0,,1,3.59
2026-07-17 07:40:16,1,1.936,1,1.936,0,,1,3.59
2026-07-17 07:50:14,1,1.936,1,1.936,0,,1,3.59
2026-07-17 08:00:18,1,1.936,1,1.936,0,,1,3.59
2026-07-17 08:10:12,1,1.936,1,1.936,0,,1,3.59
2026-07-17 08:20:14,1,0.5,1,1.936,0,,1,0.5
2026-07-17 08:30:21,1,0.5,1,1.936,0,,1,0.5
2026-07-17 08:40:14,1,0.5,1,1.936,1,2.29,1,0.5
2026-07-17 08:50:14,1,0.5,1,1.936,1,2.29,1,0.5
2026-07-17 09:00:19,1,1.936,1,1.936,1,2.29,1,3.59
2026-07-17 09:10:13,1,1.936,1,1.936,1,2.29,1,3.59
2026-07-17 09:20:13,1,1.936,1,1.936,1,2.29,1,3.59
2026-07-17 09:30:15,1,1.936,1,1.936,1,2.29,1,3.59
2026-07-17 09:40:14,1,0.5,1,1.936,0,,1,0.5
2026-07-17 09:50:12,1,0.5,1,1.936,0,,1,0.5
2026-07-17 10:00:20,1,0.5,1,1.936,0,,1,0.5
2026-07-17 10:10:13,1,0.5,1,1.936,0,,1,0.5
2026-07-17 10:20:13,1,0.5,1,1.936,1,2.29,1,0.5
2026-07-17 10:30:17,1,0.5,1,1.936,0,,1,0.5
2026-07-17 10:33:50,1,0.5,1,1.936,0,,1,0.5
2026-07-17 10:40:12,1,0.5,1,1.936,0,,1,0.5
2026-07-17 10:50:14,1,1.936,1,1.936,0,,1,3.59
2026-07-17 11:00:18,1,1.936,1,1.936,0,,1,3.59
2026-07-17 11:10:14,1,0.5,1,1.936,0,,1,0.5
2026-07-17 11:20:14,1,1.936,1,1.936,0,,1,3.59
2026-07-17 11:30:14,1,0.5,1,1.936,0,,1,0.5
2026-07-17 11:40:14,1,0.5,1,1.936,0,,1,0.5
2026-07-17 11:50:17,1,1.936,1,1.936,0,,1,3.59
2026-07-17 12:00:04,1,1.936,1,1.936,0,,1,3.59
2026-07-17 12:10:14,1,1.936,1,1.936,0,,1,3.59
2026-07-17 12:20:12,1,1.936,1,1.936,0,,1,3.59
2026-07-17 12:30:21,1,1.936,1,1.936,0,,1,3.59
2026-07-17 12:40:14,1,1.936,1,1.936,0,,1,3.59
2026-07-17 12:50:12,1,1.936,1,1.936,0,,1,3.59
2026-07-17 13:00:22,1,1.936,1,1.936,0,,1,3.59
2026-07-17 13:10:13,1,1.936,1,1.936,0,,1,3.59
2026-07-17 13:20:14,1,1.936,1,1.936,0,,1,3.59
2026-07-17 13:30:16,1,0.5,1,1.936,0,,1,0.5
2026-07-17 13:40:15,1,0.5,1,1.936,0,,1,0.5
2026-07-17 13:50:16,1,0.5,1,1.936,0,,1,0.5
2026-07-17 14:00:24,1,1.936,1,1.936,0,,1,3.59
2026-07-17 14:10:14,1,1.936,1,1.936,0,,1,3.59
2026-07-17 14:20:15,1,0.5,1,1.936,0,,1,0.5
2026-07-17 14:30:19,1,1.936,1,1.936,1,2.29,1,3.59
2026-07-17 14:40:16,1,1.936,1,1.936,0,,1,3.59
2026-07-17 14:50:12,1,1.936,1,1.936,0,,1,3.59
2026-07-17 15:00:29,1,1.936,1,1.936,0,,1,3.59
2026-07-17 15:10:18,1,1.936,1,1.936,0,,1,3.59
2026-07-17 15:20:25,1,1.936,1,1.936,0,,1,3.59
2026-07-17 15:30:16,1,1.936,1,1.936,0,,1,3.59
2026-07-17 15:40:13,1,1.936,1,1.936,0,,1,3.59
2026-07-17 15:50:16,1,1.936,1,1.936,0,,1,3.59
2026-07-17 16:00:24,1,1.936,1,1.936,0,,1,3.59
2026-07-17 16:10:18,1,1.936,1,1.936,0,,1,3.59
2026-07-17 16:20:16,1,1.936,1,1.936,0,,1,3.59
2026-07-17 16:30:15,1,0.5,1,1.936,0,,1,0.5
2026-07-17 16:38:23,1,0.5,1,1.936,0,,1,0.5
2026-07-17 16:40:15,1,0.5,1,1.936,0,,1,0.5
2026-07-17 16:50:16,1,1.936,1,1.936,0,,1,3.59
2026-07-17 17:00:20,1,0.5,1,1.936,0,,1,0.5
2026-07-17 17:10:16,1,1.936,1,1.936,0,,1,3.59
2026-07-17 17:20:17,1,1.936,1,1.936,0,,1,3.59
2026-07-17 17:30:15,1,1.936,1,1.936,0,,1,3.59
2026-07-17 17:40:14,1,1.936,1,1.936,0,,1,3.59
2026-07-17 17:50:16,1,1.936,1,1.936,0,,1,3.59
2026-07-17 18:00:18,1,1.936,1,1.936,0,,1,3.59
2026-07-17 18:10:13,1,1.936,1,1.936,0,,1,3.59
2026-07-17 18:20:13,1,1.936,1,1.936,0,,1,3.59
2026-07-17 18:30:20,1,0.5,1,1.936,0,,1,0.5
2026-07-17 18:40:17,1,0.5,1,1.936,0,,1,0.5
2026-07-17 18:50:16,1,0.5,1,1.936,0,,1,0.5
2026-07-17 19:00:21,1,0.5,1,1.936,0,,1,0.5
2026-07-17 19:10:14,1,0.5,1,1.936,0,,1,0.5
2026-07-17 19:20:15,1,0.5,1,1.936,0,,1,0.5
2026-07-17 19:30:15,1,0.5,1,1.936,0,,1,0.5
2026-07-17 19:40:16,1,0.5,1,1.936,0,,1,0.5
2026-07-17 19:50:17,1,0.5,1,1.936,0,,1,0.5
2026-07-17 20:00:20,1,1.936,1,1.936,0,,1,3.59
2026-07-17 20:10:16,1,1.936,1,1.936,0,,1,3.59
2026-07-17 20:15:01,1,1.936,1,1.936,0,,1,3.59
2026-07-17 20:20:15,1,1.936,1,1.936,0,,1,3.59
2026-07-17 20:31:37,1,1.936,1,1.936,0,,1,3.59
2026-07-17 20:40:13,1,1.936,1,1.936,0,,1,3.59
2026-07-17 20:50:12,1,1.936,1,1.936,0,,1,3.59
2026-07-17 21:00:18,1,1.936,1,1.936,0,,1,3.59
2026-07-17 21:10:14,1,1.936,1,1.936,0,,1,3.59
2026-07-17 21:20:13,1,1.936,1,1.936,0,,1,3.59
2026-07-17 21:30:15,1,0.5,1,1.936,0,,1,0.5
2026-07-17 21:40:14,1,0.5,1,1.936,0,,1,0.5
2026-07-17 21:50:16,1,0.5,1,1.936,0,,1,0.5
2026-07-17 22:00:21,1,0.5,1,1.936,0,,1,0.5
2026-07-17 22:10:14,1,0.5,1,1.936,0,,1,0.5
2026-07-17 22:20:18,1,1.936,1,1.936,0,,1,3.59
2026-07-17 22:30:15,1,1.936,1,1.936,0,,1,3.59
2026-07-17 22:40:15,1,1.936,1,1.936,0,,1,3.59
2026-07-17 22:50:17,1,1.936,1,1.936,0,,1,3.59
2026-07-17 23:00:22,1,0.5,1,1.936,0,,1,0.5
2026-07-17 23:10:16,1,0.5,1,1.936,0,,1,0.5
2026-07-17 23:12:33,1,0.5,1,1.936,0,,1,0.5
2026-07-17 23:20:15,1,0.5,1,1.936,0,,1,0.5
2026-07-17 23:30:17,1,1.936,1,1.936,1,2.29,1,3.59
2026-07-17 23:40:14,1,0.5,1,1.936,0,,1,0.5
2026-07-17 23:50:15,1,0.5,1,1.936,0,,1,0.5
2026-07-18 00:00:20,1,1.936,1,1.936,0,,1,3.59
2026-07-18 00:10:16,1,1.936,1,1.936,0,,1,3.59
2026-07-18 00:20:13,1,1.936,1,1.936,0,,1,3.59
2026-07-18 00:30:17,1,1.936,1,1.936,0,,1,3.59
2026-07-18 00:40:16,1,1.936,1,1.936,0,,1,3.59
2026-07-18 00:50:13,1,1.936,1,1.936,0,,1,3.59
2026-07-18 01:00:21,1,0.5,1,1.936,0,,1,0.5
2026-07-18 01:10:12,1,0.5,1,1.936,0,,1,0.5
2026-07-18 01:20:13,1,0.5,1,1.936,0,,1,0.5
2026-07-18 01:30:13,1,0.5,1,1.936,0,,1,0.5
2026-07-18 01:40:13,1,0.5,1,1.936,0,,1,0.5
2026-07-18 01:50:12,1,0.5,1,1.936,0,,1,0.5
2026-07-18 02:00:23,1,0.5,1,1.936,0,,1,0.5
2026-07-18 02:10:14,1,0.5,1,1.936,1,2.29,1,0.5
2026-07-18 02:20:11,1,0.5,1,1.936,0,,1,0.5
2026-07-18 02:30:13,1,0.5,1,1.936,0,,1,0.5
2026-07-18 02:40:12,1,0.5,1,1.936,0,,1,0.5
2026-07-18 02:50:12,1,0.5,1,1.936,0,,1,0.5
2026-07-18 03:00:16,1,0.5,1,1.936,0,,1,0.5
2026-07-18 03:10:13,1,0.5,1,1.936,0,,1,0.5
2026-07-18 03:20:13,1,0.5,1,1.936,0,,1,0.5
2026-07-18 03:30:16,1,0.5,1,1.936,0,,1,0.5
2026-07-18 03:40:14,1,0.5,1,1.936,0,,1,0.5
2026-07-18 03:50:15,1,0.5,1,1.936,0,,1,0.5
2026-07-18 04:00:18,1,0.5,1,1.936,0,,1,0.5
2026-07-18 04:10:12,1,0.5,1,1.936,0,,1,0.5
2026-07-18 04:20:12,1,0.5,1,1.936,0,,1,0.5
2026-07-18 04:30:15,1,0.5,1,1.936,0,,1,0.5
2026-07-18 04:40:14,1,0.5,1,1.936,0,,1,0.5
2026-07-18 04:50:13,1,0.5,1,1.936,0,,1,0.5
2026-07-18 05:00:23,1,0.5,1,1.936,1,2.29,1,0.5
2026-07-18 05:12:07,1,0.5,1,1.936,0,,1,0.5
2026-07-18 05:20:16,1,0.5,1,1.936,0,,1,0.5
2026-07-18 05:30:14,1,0.5,1,1.936,0,,1,0.5
2026-07-18 05:40:58,1,0.5,1,1.936,0,,1,0.5
2026-07-18 05:50:13,1,1.936,1,1.936,0,,1,3.59
2026-07-18 06:00:18,1,0.5,1,1.936,1,2.29,1,0.5
2026-07-18 06:10:14,1,0.5,1,1.936,0,,1,0.5
2026-07-18 06:20:11,1,0.5,1,1.936,0,,1,0.5
2026-07-18 06:30:17,1,0.5,1,1.936,0,,1,0.5
2026-07-18 06:31:58,1,0.5,1,1.936,0,,1,0.5
2026-07-18 06:40:11,1,0.5,1,1.936,0,,1,0.5
2026-07-18 06:50:14,1,0.5,1,1.936,0,,1,0.5
2026-07-18 07:00:17,1,0.5,1,1.936,0,,1,0.5
2026-07-18 07:10:10,1,0.5,1,1.936,0,,1,0.5
2026-07-18 07:20:12,1,0.5,1,1.936,0,,1,0.5
2026-07-18 07:30:17,1,0.5,1,1.936,0,,1,0.5
2026-07-18 07:40:12,1,0.5,1,1.936,0,,1,0.5
2026-07-18 07:50:14,1,0.5,1,1.936,0,,1,0.5
2026-07-18 08:00:16,1,0.5,1,1.936,0,,1,0.5
2026-07-18 08:10:12,1,0.5,1,1.936,0,,1,0.5
2026-07-18 08:20:11,1,0.5,1,1.936,0,,1,0.5
2026-07-18 08:31:33,1,1.936,1,1.936,0,,1,3.59
2026-07-18 08:40:10,1,1.936,1,1.936,0,,1,3.59
2026-07-18 08:50:11,1,1.936,1,1.936,0,,1,3.59
2026-07-18 09:00:20,1,0.5,1,1.938,0,,1,0.5
2026-07-18 09:10:15,1,0.5,1,1.936,0,,1,0.5
2026-07-18 09:20:13,1,0.5,1,2.8,0,,1,0.5
2026-07-18 09:30:17,1,0.5,1,1.936,0,,1,0.5
2026-07-18 09:41:39,1,1.936,1,1.936,0,,1,3.59
2026-07-18 09:50:14,1,1.936,1,1.936,0,,1,3.59
2026-07-18 10:00:16,1,1.936,1,1.936,0,,1,3.59
2026-07-18 10:10:12,1,1.936,1,1.936,0,,1,3.59
2026-07-18 10:21:56,1,0.5,1,1.936,0,,1,0.5
2026-07-18 10:30:15,1,0.5,1,1.936,0,,1,0.5
2026-07-18 10:41:54,1,0.5,1,1.936,0,,1,0.5
2026-07-18 10:48:53,1,0.5,1,1.936,0,,1,0.5
2026-07-18 10:50:11,1,0.5,1,1.936,0,,1,0.5
2026-07-18 11:02:01,1,0.5,1,1.936,0,,1,0.5
2026-07-18 11:10:15,1,0.5,1,1.936,0,,1,0.5
2026-07-18 11:20:13,1,0.5,1,1.936,0,,1,0.5
2026-07-18 11:30:16,1,0.5,1,1.936,1,2.29,1,0.5
2026-07-18 11:40:13,1,0.5,1,1.936,0,,1,0.5
2026-07-18 11:50:14,1,0.5,1,1.936,0,,1,0.5
2026-07-18 12:00:19,1,0.5,1,1.936,0,,1,0.5
2026-07-18 12:10:11,1,0.5,1,1.936,0,,1,0.5
2026-07-18 12:20:16,1,0.5,1,1.936,0,,1,0.5
2026-07-18 12:32:32,1,0.5,1,1.936,1,2.29,1,0.5
2026-07-18 12:40:13,1,0.5,1,1.936,1,2.29,1,0.5
2026-07-18 12:50:15,1,0.5,1,1.936,0,,1,0.5
2026-07-18 13:00:19,1,1.936,1,1.936,0,,1,3.59
2026-07-18 13:10:15,1,1.936,1,1.936,0,,1,3.59
2026-07-18 13:20:15,1,1.936,1,1.936,0,,1,3.59
2026-07-18 13:30:18,1,2.8,1,2.8,0,,1,3.59
2026-07-18 13:40:18,1,2.8,1,2.8,0,,1,3.59
2026-07-18 13:50:14,1,1.936,1,1.936,0,,1,3.59
2026-07-18 14:00:22,1,1.936,1,1.936,0,,1,3.59
2026-07-18 14:10:12,1,1.936,1,1.936,1,2.29,1,3.59
2026-07-18 14:20:12,1,1.936,1,1.936,1,2.29,1,3.59
2026-07-18 14:30:15,1,1.936,1,1.936,0,,1,3.59
2026-07-18 14:36:55,1,1.936,1,1.936,0,,1,3.59
2026-07-18 14:41:10,1,1.936,1,1.936,0,,1,3.59
2026-07-18 14:50:12,1,1.936,1,1.936,0,,1,3.59
2026-07-18 15:00:18,1,1.936,1,1.936,0,,1,3.59
2026-07-18 15:10:13,1,1.936,1,1.936,0,,1,3.59
2026-07-18 15:20:11,1,1.936,1,1.936,0,,1,3.59
2026-07-18 15:31:49,1,1.936,1,1.936,0,,1,3.59
2026-07-18 15:40:12,1,1.936,1,1.936,0,,1,3.59
2026-07-18 15:50:13,1,1.936,1,1.936,0,,1,3.59
2026-07-18 16:00:16,1,1.936,1,1.936,0,,1,3.59
2026-07-18 16:10:11,1,1.936,1,1.936,0,,1,3.59
2026-07-18 16:20:15,1,1.936,1,1.936,0,,1,3.59
2026-07-18 16:30:14,1,1.936,1,1.936,0,,1,3.59
2026-07-18 16:40:11,1,1.936,1,1.936,0,,1,3.59
2026-07-18 16:50:13,1,1.936,1,1.936,0,,1,3.59
2026-07-18 17:00:14,1,1.936,1,1.936,0,,1,3.59
2026-07-18 17:10:12,1,1.936,1,1.936,0,,1,3.59
2026-07-18 17:20:13,1,1.936,1,1.936,0,,1,3.59
2026-07-18 17:31:51,1,1.936,1,1.936,0,,1,3.59
2026-07-18 17:40:12,1,1.936,1,1.936,0,,1,3.59
2026-07-18 17:43:28,1,1.936,1,1.936,1,2.29,1,3.59
2026-07-18 17:50:11,1,1.936,1,1.936,0,,1,3.59
2026-07-18 18:00:19,1,1.936,1,1.936,0,,1,3.59
2026-07-18 18:10:15,1,1.936,1,1.936,0,,1,3.59
2026-07-18 18:20:16,1,1.936,1,1.936,0,,1,3.59
2026-07-18 18:31:57,1,1.936,1,1.936,0,,1,3.59
2026-07-18 18:40:15,1,1.936,1,1.936,0,,1,3.59
2026-07-18 18:50:11,1,1.936,1,1.936,0,,1,3.59
2026-07-18 19:00:15,1,1.936,1,1.936,0,,1,3.59
2026-07-18 19:10:11,1,1.936,1,1.936,0,,1,3.59
2026-07-18 19:20:13,1,1.936,1,1.936,0,,1,3.59
2026-07-18 19:30:13,1,1.936,1,1.936,0,,1,3.59
2026-07-18 19:40:13,1,1.936,1,1.936,0,,1,3.59
2026-07-18 19:50:11,1,1.936,1,1.936,0,,1,3.59
2026-07-18 20:01:47,1,1.936,1,1.936,0,,1,3.59
2026-07-18 20:10:14,1,1.936,1,1.936,0,,1,3.59
2026-07-18 20:20:14,1,1.936,1,1.936,0,,1,3.59
2026-07-18 20:27:21,1,1.936,1,1.936,0,,1,3.59
2026-07-18 20:31:50,1,1.936,1,1.936,0,,1,3.59
2026-07-18 20:40:13,1,1.936,1,1.936,0,,1,3.59
2026-07-18 20:51:48,1,1.936,1,1.936,0,,1,3.59
2026-07-18 21:00:24,1,1.936,1,1.936,0,,1,3.59
2026-07-18 21:10:14,1,1.936,1,1.936,0,,1,3.59
2026-07-18 21:20:13,1,1.936,1,1.936,0,,1,3.59
2026-07-18 21:31:43,1,1.936,1,1.936,0,,1,3.59
2026-07-18 21:40:16,1,0.5,1,1.936,1,2.29,1,0.5
2026-07-18 21:50:13,1,0.5,1,1.938,0,,1,0.5
2026-07-18 22:00:19,1,0.5,1,1.936,0,,1,0.5
2026-07-18 22:10:13,1,0.5,1,1.936,0,,1,0.5
2026-07-18 22:20:11,1,0.5,1,1.936,0,,1,0.5
2026-07-18 22:31:44,1,1.936,1,1.936,0,,1,3.59
2026-07-18 22:41:33,1,1.936,1,1.936,0,,1,3.59
2026-07-18 22:50:16,1,1.936,1,1.936,0,,1,3.59
2026-07-18 23:00:17,1,1.936,1,1.936,0,,1,3.59
2026-07-18 23:11:42,1,1.936,1,1.936,0,,1,3.59
2026-07-18 23:20:48,1,1.936,1,1.936,0,,1,3.59
2026-07-18 23:31:56,1,1.936,1,1.936,0,,1,3.59
2026-07-18 23:36:43,1,1.936,1,1.936,0,,1,3.59
2026-07-18 23:40:15,1,1.936,1,1.936,0,,1,3.59
2026-07-18 23:50:13,1,1.936,1,1.936,0,,1,3.59
2026-07-19 00:00:20,1,1.936,1,1.936,0,,1,3.59
2026-07-19 00:10:12,1,1.936,1,1.936,0,,1,3.59
2026-07-19 00:20:12,1,1.936,1,1.936,0,,1,3.59
2026-07-19 00:30:20,1,1.936,1,1.936,0,,1,3.59
2026-07-19 00:40:13,1,1.936,1,1.936,0,,1,3.59
2026-07-19 00:50:14,1,1.936,1,1.936,0,,1,3.59
2026-07-19 01:02:01,1,1.936,1,1.936,0,,1,3.59
2026-07-19 01:10:15,1,1.936,1,1.936,0,,1,3.59
2026-07-19 01:20:17,1,1.936,1,1.936,0,,1,3.59
2026-07-19 01:30:14,1,1.936,1,1.936,0,,1,3.59
2026-07-19 01:40:11,1,1.936,1,1.936,0,,1,3.59
2026-07-19 01:50:14,1,1.936,1,1.936,0,,1,3.59
2026-07-19 02:00:20,1,1.936,1,1.936,0,,1,3.59
2026-07-19 02:10:17,1,1.936,1,1.936,0,,1,3.59
2026-07-19 02:20:11,1,1.936,1,1.936,0,,1,3.59
2026-07-19 02:30:16,1,1.936,1,1.936,0,,1,3.59
2026-07-19 02:40:12,1,1.936,1,1.936,0,,1,3.59
2026-07-19 02:50:11,1,1.936,1,1.936,0,,1,3.59
2026-07-19 03:00:20,1,1.936,1,1.936,0,,1,3.59
2026-07-19 03:11:39,1,1.936,1,1.936,0,,1,3.59
2026-07-19 03:21:15,1,1.936,1,1.936,0,,1,3.59
2026-07-19 03:30:14,1,1.936,1,1.936,1,2.29,1,3.59
2026-07-19 03:40:13,1,1.936,1,1.936,0,,1,3.59
2026-07-19 03:50:13,1,1.936,1,1.936,0,,1,3.59
2026-07-19 04:02:23,1,1.936,1,1.936,0,,1,3.59
2026-07-19 04:10:15,1,1.936,1,1.936,0,,1,3.59
2026-07-19 04:22:40,1,1.936,1,1.936,0,,1,3.59
2026-07-19 04:30:18,1,1.936,1,1.936,0,,1,3.59
2026-07-19 04:40:13,1,1.936,1,1.936,0,,1,3.59
2026-07-19 04:50:13,1,1.936,1,1.936,0,,1,3.59
2026-07-19 05:02:06,1,1.936,1,1.936,0,,1,3.59
2026-07-19 05:10:20,1,1.936,1,1.936,0,,1,3.59
2026-07-19 05:23:54,1,1.936,1,1.936,1,2.29,1,3.59
2026-07-19 05:33:47,1,1.936,1,1.936,1,2.29,1,3.59
2026-07-19 05:42:21,1,1.936,1,1.936,1,2.29,1,3.59
2026-07-19 05:50:11,1,1.936,1,1.936,0,,1,3.59
2026-07-19 06:00:22,1,1.936,1,1.936,0,,1,3.59
2026-07-19 06:11:43,1,1.936,1,1.936,1,2.29,1,3.59
2026-07-19 06:20:13,1,1.936,1,1.936,0,,1,3.59
2026-07-19 06:30:16,1,1.936,1,1.936,0,,1,3.59
2026-07-19 06:40:11,1,1.936,1,1.936,0,,1,3.59
2026-07-19 06:50:15,1,1.936,1,1.936,1,2.29,1,3.59
2026-07-19 07:00:15,1,1.936,1,1.936,0,,1,3.59
2026-07-19 07:10:13,1,1.936,1,1.936,0,,1,3.59
2026-07-19 07:20:14,1,1.936,1,1.936,0,,1,3.59
2026-07-19 07:30:16,1,1.936,1,1.936,0,,1,3.59
2026-07-19 07:41:29,1,1.936,1,1.936,0,,1,3.59
2026-07-19 07:48:34,1,1.936,1,1.936,0,,1,3.59
2026-07-19 07:50:13,1,1.936,1,1.936,1,2.29,1,3.59
2026-07-19 08:02:17,1,1.936,1,1.936,0,,1,3.59
2026-07-19 08:10:13,1,1.936,1,1.936,0,,1,3.59
2026-07-19 08:20:15,1,1.936,1,1.936,0,,1,3.59
2026-07-19 08:30:12,1,1.936,1,1.936,0,,1,3.59
2026-07-19 08:40:13,1,1.936,1,1.936,0,,1,3.59
2026-07-19 08:50:13,1,1.936,1,1.936,0,,1,3.59
2026-07-19 09:00:19,1,1.936,1,1.936,0,,1,3.59
2026-07-19 09:10:14,1,1.936,1,1.936,0,,1,3.59
2026-07-19 09:20:11,1,1.936,1,1.936,0,,1,3.59
2026-07-19 09:30:15,1,1.936,1,1.936,0,,1,3.59
2026-07-19 09:42:09,1,1.936,1,1.936,0,,1,3.59
2026-07-19 09:50:13,1,1.936,1,1.936,0,,1,3.59
2026-07-19 10:02:03,1,1.936,1,1.936,0,,1,3.59
2026-07-19 10:10:16,1,1.936,1,1.936,0,,1,3.59
2026-07-19 10:20:11,1,1.936,1,1.936,0,,1,3.59
2026-07-19 10:30:15,1,1.936,1,1.936,0,,1,3.59
2026-07-19 10:40:11,1,1.936,1,1.936,0,,1,3.59
2026-07-19 10:50:13,1,1.936,1,1.936,0,,1,3.59
2026-07-19 11:00:19,1,1.936,1,1.936,0,,1,3.59
2026-07-19 11:10:14,1,1.936,1,1.936,0,,1,3.59
2026-07-19 11:20:19,1,1.936,1,1.936,0,,1,3.59
2026-07-19 11:30:15,1,1.936,1,1.936,0,,1,3.59
2026-07-19 11:39:20,1,1.936,1,1.936,0,,1,3.59
2026-07-19 11:40:12,1,1.936,1,1.936,0,,1,3.59
2026-07-19 11:50:11,1,0.5,1,1.936,1,2.29,1,0.5
2026-07-19 12:00:20,1,0.5,1,1.936,1,2.29,1,0.5
2026-07-19 12:10:12,1,0.5,1,1.936,0,,1,0.5
2026-07-19 12:20:11,1,0.5,1,1.936,0,,1,0.5
2026-07-19 12:31:48,1,0.5,1,1.936,0,,1,0.5
2026-07-19 12:40:14,1,0.5,1,1.936,0,,1,0.5
2026-07-19 12:50:13,1,0.5,1,1.936,0,,1,0.5
2026-07-19 13:00:20,1,0.5,1,1.936,0,,1,0.5
2026-07-19 13:10:14,1,0.5,1,1.936,0,,1,0.5
2026-07-19 13:20:15,1,1.936,1,1.936,0,,1,3.59
2026-07-19 13:30:15,1,1.936,1,1.936,0,,1,3.59
2026-07-19 13:40:14,1,1.936,1,1.936,0,,1,3.59
2026-07-19 13:50:14,1,1.936,1,1.936,0,,1,3.59
2026-07-19 14:02:03,1,1.936,1,1.936,0,,1,3.59
2026-07-19 14:11:29,1,0.5,1,1.936,0,,1,0.5
2026-07-19 14:20:11,1,0.5,1,1.936,0,,1,0.5
2026-07-19 14:30:14,1,1.936,1,1.936,0,,1,3.59
2026-07-19 14:40:12,1,1.936,1,1.936,0,,1,3.59
2026-07-19 14:44:33,1,1.936,1,1.936,0,,1,3.59
2026-07-19 14:50:13,1,1.936,1,1.936,0,,1,3.59
2026-07-19 15:00:16,1,1.936,1,1.936,0,,1,3.59
2026-07-19 15:10:15,1,1.936,1,1.936,0,,1,3.59
2026-07-19 15:20:13,1,1.936,1,1.936,0,,1,3.59
2026-07-19 15:31:49,1,0.5,1,1.936,0,,1,0.5
2026-07-19 15:40:13,1,0.5,1,1.936,0,,1,0.5
2026-07-19 15:50:15,1,0.5,1,1.936,0,,1,0.5
2026-07-19 16:00:19,1,1.936,1,1.936,0,,1,3.59
2026-07-19 16:10:16,1,1.936,1,1.936,0,,1,3.59
2026-07-19 16:20:14,1,1.936,1,1.936,0,,1,3.59
2026-07-19 16:30:13,1,1.936,1,1.936,0,,1,3.59
2026-07-19 16:40:12,1,1.936,1,1.936,0,,1,3.59
2026-07-19 16:50:13,1,0.5,1,1.936,0,,1,0.5
2026-07-19 17:00:15,1,1.936,1,1.936,0,,1,3.59
2026-07-19 17:10:11,1,1.936,1,1.936,0,,1,3.59
2026-07-19 17:20:12,1,1.936,1,1.936,0,,1,3.59
2026-07-19 17:30:14,1,1.936,1,1.936,0,,1,3.59
2026-07-19 17:40:12,1,1.936,1,1.936,0,,1,3.59
2026-07-19 17:50:13,1,1.936,1,1.936,0,,1,3.59
2026-07-19 18:00:17,1,1.936,1,1.936,0,,1,3.59
2026-07-19 18:06:59,1,1.938,1,1.938,0,,1,3.59
2026-07-19 18:10:13,1,0.5,1,1.936,0,,1,0.5
2026-07-19 18:20:13,1,1.936,1,1.936,0,,1,3.59
2026-07-19 18:31:53,1,1.936,1,1.936,0,,1,3.59
2026-07-19 18:40:15,1,0.5,1,1.936,0,,1,0.5
2026-07-19 18:50:26,1,0.5,1,1.936,0,,1,0.5
2026-07-19 18:54:08,1,0.5,1,1.936,0,,1,0.5
2026-07-19 19:00:20,1,0.5,1,1.936,1,2.29,1,0.5
2026-07-19 19:10:14,1,0.5,1,1.936,0,,1,0.5
2026-07-19 19:20:14,1,0.5,1,1.936,0,,1,0.5
2026-07-19 19:30:17,1,0.5,1,1.936,0,,1,0.5
2026-07-19 19:40:14,1,0.5,1,1.936,0,,1,0.5
2026-07-19 19:50:21,1,0.5,1,1.936,0,,1,0.5
2026-07-19 20:00:19,1,0.5,1,1.936,0,,1,0.5
2026-07-19 20:10:16,1,0.5,1,1.936,0,,1,0.5
2026-07-19 20:20:11,1,1.936,1,1.936,0,,1,3.59
2026-07-19 20:30:13,1,0.5,1,1.936,0,,1,0.5
2026-07-19 20:34:06,1,0.5,1,1.936,0,,1,0.5
2026-07-19 20:41:44,1,0.5,1,1.936,0,,1,0.5
2026-07-19 20:50:14,1,0.5,1,1.938,0,,1,0.5
2026-07-19 21:01:53,1,0.5,1,1.936,0,,1,0.5
2026-07-19 21:10:13,1,0.5,1,1.936,0,,1,0.5
2026-07-19 21:20:13,1,0.5,1,1.936,0,,1,0.5
2026-07-19 21:31:53,1,0.5,1,1.936,0,,1,0.5
2026-07-19 21:40:12,1,0.5,1,1.936,0,,1,0.5
2026-07-19 21:50:11,1,0.5,1,1.936,0,,1,0.5
2026-07-19 22:00:15,1,0.5,1,1.936,0,,1,0.5
2026-07-19 22:10:12,1,0.5,1,1.936,0,,1,0.5
2026-07-19 22:20:15,1,0.5,1,1.936,0,,1,0.5
2026-07-19 22:30:15,1,0.5,1,1.936,0,,1,0.5
2026-07-19 22:40:37,1,0.5,1,1.936,0,,1,0.5
2026-07-19 22:50:10,1,0.5,1,1.936,0,,1,0.5
2026-07-19 23:01:53,1,1.936,1,1.936,0,,1,3.59
2026-07-19 23:10:12,1,1.936,1,1.936,0,,1,3.59
2026-07-19 23:20:16,1,1.936,1,1.936,0,,1,3.59
2026-07-19 23:30:19,1,1.936,1,1.936,0,,1,3.59
2026-07-19 23:40:12,1,1.936,1,1.936,0,,1,3.59
2026-07-19 23:42:16,1,1.936,1,1.936,0,,1,3.59
2026-07-19 23:50:13,1,0.5,1,1.936,0,,1,0.5
2026-07-20 00:00:19,1,0.5,1,1.936,0,,1,0.5
2026-07-20 01:10:19,1,0.5,1,1.936,0,,1,0.5
2026-07-20 01:30:16,1,0.5,1,1.936,0,,1,0.5
2026-07-20 01:40:22,1,0.5,1,1.936,0,,1,0.5
2026-07-20 01:50:17,1,0.5,1,1.936,0,,1,0.5
2026-07-20 02:00:23,1,0.5,1,1.936,0,,1,0.5
2026-07-20 02:08:49,1,0.5,1,1.936,0,,1,0.5
2026-07-20 02:10:15,1,0.5,1,1.936,0,,1,0.5
2026-07-20 02:20:12,1,0.5,1,1.936,0,,1,0.5
2026-07-20 02:30:13,1,0.5,1,1.936,0,,1,0.5
2026-07-20 02:40:11,1,0.5,1,1.936,0,,1,0.5
2026-07-20 02:50:16,1,0.5,1,1.936,0,,1,0.5
2026-07-20 03:00:20,1,0.5,1,1.936,0,,1,0.5
2026-07-20 03:10:13,1,1.936,1,1.936,0,,1,3.59
2026-07-20 03:20:15,1,1.936,1,1.936,0,,1,3.59
2026-07-20 03:30:13,1,1.936,1,1.936,0,,1,3.59
2026-07-20 03:40:16,1,1.936,1,1.936,0,,1,3.59
2026-07-20 03:50:13,1,1.936,1,1.936,0,,1,3.59
2026-07-20 04:00:18,1,0.5,1,1.936,0,,1,0.5
2026-07-20 04:10:11,1,0.5,1,1.936,0,,1,0.5
2026-07-20 04:21:38,1,0.5,1,1.936,0,,1,0.5
2026-07-20 04:33:13,1,0.5,1,1.936,0,,1,0.5
2026-07-20 04:40:13,1,0.5,1,1.936,0,,1,0.5
2026-07-20 04:50:12,1,0.5,1,1.936,0,,1,0.5
2026-07-20 05:00:20,1,0.5,1,1.936,0,,1,0.5
2026-07-20 05:10:12,1,0.5,1,1.936,0,,1,0.5
2026-07-20 05:20:11,1,0.5,1,1.936,0,,1,0.5
2026-07-20 05:30:18,1,1.936,1,1.936,0,,1,3.59
2026-07-20 05:47:34,1,1.936,1,1.936,0,,1,3.59
2026-07-20 05:50:16,1,1.936,1,1.936,0,,1,3.59
2026-07-20 06:00:18,1,0.5,1,1.936,0,,1,0.5
2026-07-20 06:11:59,1,0.5,1,1.936,0,,1,0.5
2026-07-20 06:20:13,1,0.5,1,1.936,0,,1,0.5
2026-07-20 06:30:18,1,0.5,1,1.936,0,,1,0.5
2026-07-20 06:40:16,1,0.5,1,1.936,0,,1,0.5
2026-07-20 06:50:11,1,0.5,1,1.936,0,,1,0.5
2026-07-20 07:00:21,1,0.5,1,1.936,0,,1,0.5
2026-07-20 07:10:12,1,0.5,1,1.936,0,,1,0.5
2026-07-20 07:20:11,1,0.5,1,1.936,0,,1,0.5
2026-07-20 07:30:15,1,0.5,1,1.936,0,,1,0.5
2026-07-20 07:40:13,1,0.5,1,1.936,0,,1,0.5
2026-07-20 07:50:12,1,0.5,1,1.936,0,,1,0.5
2026-07-20 08:00:21,1,0.5,1,1.936,0,,1,0.5
