date,revenue_usd,paid_revenue_usd,tokens,paid_tokens,rev_per_m,rev_per_m_paid
2025-01-01,5387.754678973501,5387.754678973501,12060697055.0,12060697055.0,0.4467200075090105,0.4467200075090105
2025-01-02,8045.4330734845,8045.4330734845,14412070738.0,14412070738.0,0.5582426855754515,0.5582426855754515
2025-01-03,7892.04892389525,7892.04892389525,13066915568.0,13066915568.0,0.6039718312118239,0.6039718312118239
2025-01-04,5204.51831671425,5204.51831671425,11924854225.0,11924854225.0,0.4364429299104703,0.4364429299104703
2025-01-05,5540.213336505,5540.213336505,12390313694.0,12390313694.0,0.447140683709069,0.447140683709069
2025-01-06,7004.8576866885,7004.8576866885,15725644317.0,15725644317.0,0.4454416967269183,0.4454416967269183
2025-01-07,7096.94067322375,7096.94067322375,16338372393.0,16338372393.0,0.4343725618755243,0.4343725618755243
2025-01-08,6121.7389441632495,6121.7389441632495,14841355469.0,14841355469.0,0.4124784260406727,0.4124784260406727
2025-01-09,6796.454693870501,6796.454693870501,14918583249.0,14918583249.0,0.4555697133188616,0.4555697133188616
2025-01-10,6880.975629205252,6880.975629205252,15263208826.0,15263208826.0,0.45082103688995623,0.45082103688995623
2025-01-11,6292.967262213,6292.967262213,15441295933.0,15441295933.0,0.4075413935150439,0.4075413935150439
2025-01-12,6161.949325365749,6161.949325365749,15793092614.0,15793092614.0,0.39016736468089896,0.39016736468089896
2025-01-13,7462.125867373849,7462.125867373849,18792988107.0,18792988107.0,0.3970696849743847,0.3970696849743847
2025-01-14,7390.0540113828265,7390.0540113828265,16397585042.0,16397585042.0,0.4506794136120832,0.4506794136120832
2025-01-15,7242.6363168388,7242.6363168388,16655440324.0,16655440324.0,0.43485108624851987,0.43485108624851987
2025-01-16,7735.981744756476,7735.981744756476,16077792451.0,16077792451.0,0.4811594482472198,0.4811594482472198
2025-01-17,7035.825790030224,7035.825790030224,14908277495.0,14908277495.0,0.47194089272821277,0.47194089272821277
2025-01-18,5801.53986729975,5801.53986729975,13349925844.0,13349925844.0,0.43457468866070126,0.43457468866070126
2025-01-19,6595.952509129749,6595.952509129749,15251322513.0,15251322513.0,0.43248397006275735,0.43248397006275735
2025-01-20,7853.2032534315,7853.2032534315,16045243670.0,16045243670.0,0.4894411960919444,0.4894411960919444
2025-01-21,9653.8538884109,9653.8538884109,16786351408.0,16786351408.0,0.5751013816981152,0.5751013816981152
2025-01-22,10816.872461857825,10816.872461857825,18455878879.0,18455878879.0,0.5860935982932675,0.5860935982932675
2025-01-23,9455.155799465349,9455.155799465349,20140233636.0,20140233636.0,0.4694660434606166,0.4694660434606166
2025-01-24,8711.830524067751,8711.830524067751,19479970931.0,19479970931.0,0.447219893444704,0.447219893444704
2025-01-25,8129.73239434655,8129.73239434655,17500559085.0,17500559085.0,0.46454129578721115,0.46454129578721115
2025-01-26,8711.946342100699,8711.946342100699,18504569595.0,18504569595.0,0.4707997285413597,0.4707997285413597
2025-01-27,9029.50018020725,9029.50018020725,17799465083.0,17799465083.0,0.5072905358729678,0.5072905358729678
2025-01-28,9816.031657841502,9816.031657841502,18115335768.0,18115335768.0,0.541863081289452,0.541863081289452
2025-01-29,9876.5707529065,9876.5707529065,20021861247.0,20021861247.0,0.4932893416383239,0.4932893416383239
2025-01-30,14723.503407583501,14723.503407583501,23161623686.0,23161623686.0,0.635685287317879,0.635685287317879
2025-01-31,10537.30497863155,10537.30497863155,22756016585.0,22756016585.0,0.46305577864525665,0.46305577864525665
2025-02-01,8901.411259350176,8901.411259350176,20393945662.0,20393945662.0,0.4364732262642122,0.4364732262642122
2025-02-02,9946.30285599575,9946.30285599575,22448521021.0,22448521021.0,0.4430716325004772,0.4430716325004772
2025-02-03,9963.66071595225,9963.66071595225,22143895444.0,22143895444.0,0.4499506756229719,0.4499506756229719
2025-02-04,12528.27890742615,12528.27890742615,24467644436.0,24467644436.0,0.5120345336142333,0.5120345336142333
2025-02-05,10859.288754173875,10859.288754173875,23372059078.0,23372059078.0,0.46462695982125374,0.46462695982125374
2025-02-06,12917.009598751225,12917.009598751225,25885617134.0,25885617134.0,0.49900334737567875,0.49900334737567875
2025-02-07,9585.85776571575,9585.85776571575,21564424598.0,21564424598.0,0.4445218430082662,0.4445218430082662
2025-02-08,11907.159375894249,11907.159375894249,20530385341.0,20530385341.0,0.5799773934157572,0.5799773934157572
2025-02-09,9125.979632932751,9125.979632932751,18804334174.0,18804334174.0,0.4853125640338214,0.4853125640338214
2025-02-10,10372.9901144959,10372.9901144959,21337642403.0,21337642403.0,0.4861357182102505,0.4861357182102505
2025-02-11,10961.319566237747,10961.319566237747,23377776334.0,23377776334.0,0.46887776705673684,0.46887776705673684
2025-02-12,10127.928662017503,10127.928662017503,22606027985.0,22606027985.0,0.4480189385210788,0.4480189385210788
2025-02-13,10228.790025384002,10228.790025384002,23077932708.0,23077932708.0,0.44322817623253474,0.44322817623253474
2025-02-14,10938.275626042501,10938.275626042501,25600643648.0,25600643648.0,0.4272656491157023,0.4272656491157023
2025-02-15,9929.11852736425,9929.11852736425,20919562049.0,20919562049.0,0.47463319280333033,0.47463319280333033
2025-02-16,9891.27348615525,9891.27348615525,21714126861.0,21714126861.0,0.45552250613035833,0.45552250613035833
2025-02-17,10940.213795877002,10940.213795877002,21071788223.0,21071788223.0,0.5191877253177632,0.5191877253177632
2025-02-18,12129.852824784,12129.852824784,20887862346.0,20887862346.0,0.5807129817238983,0.5807129817238983
2025-02-19,12089.952575403751,12089.952575403751,19116695216.0,19116695216.0,0.6324290071478927,0.6324290071478927
2025-02-20,12698.02297688355,12698.02297688355,20447680603.0,20447680603.0,0.6210006515370037,0.6210006515370037
2025-02-21,11964.808269048954,11964.808269048954,19329694031.0,19329694031.0,0.6189859109958176,0.6189859109958176
2025-02-22,20882.35012193225,20882.35012193225,25920459167.0,25920459167.0,0.8056319522502172,0.8056319522502172
2025-02-23,9812.617983638502,9812.617983638502,18534134079.0,18534134079.0,0.5294349302650527,0.5294349302650527
2025-02-24,11824.5415168435,11824.5415168435,21256468858.0,21256468858.0,0.5562796716536135,0.5562796716536135
2025-02-25,14238.97658490115,14238.97658490115,25002052009.0,25002052009.0,0.5695123176199913,0.5695123176199913
2025-02-26,12289.272476522925,12289.272476522925,22296120280.0,22296120280.0,0.5511843460741738,0.5511843460741738
2025-02-27,12080.292981921199,12080.292981921199,21226828304.0,21226828304.0,0.5691049462931199,0.5691049462931199
2025-02-28,14499.41827416375,14499.41827416375,21270193371.0,21270193371.0,0.6816777836130257,0.6816777836130257
2025-03-01,11692.052095848749,11692.052095848749,19925023996.0,19925023996.0,0.5868024097835947,0.5868024097835947
2025-03-02,10872.9150694815,10872.9150694815,19929310999.0,19929310999.0,0.5455740577296965,0.5455740577296965
2025-03-03,13167.034685137749,13167.034685137749,21297216818.0,21297216818.0,0.6182514268253692,0.6182514268253692
2025-03-04,12344.687642962124,12344.687642962124,22825591815.0,22825591815.0,0.5408266187801416,0.5408266187801416
2025-03-05,13956.694287655999,13956.694287655999,26301522780.0,26301522780.0,0.5306420622257217,0.5306420622257217
2025-03-06,13379.674960320628,13379.674960320628,28914777491.0,28914777491.0,0.4627279239650099,0.4627279239650099
2025-03-07,12170.7538480068,12170.7538480068,26992902373.0,26992902373.0,0.450887188040244,0.450887188040244
2025-03-08,11747.766164515777,11747.766164515777,26261452689.0,26261452689.0,0.44733877838511593,0.44733877838511593
2025-03-09,11993.302452959275,11993.302452959275,27506328785.0,27506328785.0,0.4360197446450786,0.4360197446450786
2025-03-10,14976.734246638975,14976.734246638975,30323685012.0,30323685012.0,0.49389558824108043,0.49389558824108043
2025-03-11,15432.260544254746,15432.260544254746,31160888903.0,31160888903.0,0.4952445545534169,0.4952445545534169
2025-03-12,14506.923807818752,14506.923807818752,28765279898.0,28765279898.0,0.504320620527923,0.504320620527923
2025-03-13,16579.31513025125,16579.31513025125,33537622909.0,33537622909.0,0.49434973895547324,0.49434973895547324
2025-03-14,16027.14145459025,16027.14145459025,32839681918.0,32839681918.0,0.4880419211918583,0.4880419211918583
2025-03-15,14491.301370925601,14491.301370925601,31983162608.0,31983162608.0,0.4530915703533605,0.4530915703533605
2025-03-16,13591.66866477,13591.66866477,32835729094.0,32835729094.0,0.4139292484068391,0.4139292484068391
2025-03-17,16980.70334816,16980.70334816,35707829579.0,35707829579.0,0.4755456589875309,0.4755456589875309
2025-03-18,17033.680136856372,17033.680136856372,37717251103.0,37717251103.0,0.45161510021873064,0.45161510021873064
2025-03-19,17974.135333417504,17974.135333417504,38865614082.0,38865614082.0,0.4624688367330324,0.4624688367330324
2025-03-20,16074.56827886125,16074.56827886125,35748539337.0,35748539337.0,0.44965664547373424,0.44965664547373424
2025-03-21,14651.9021097085,14651.9021097085,39400241861.0,39400241861.0,0.37187340528007173,0.37187340528007173
2025-03-22,14705.941274094177,14705.941274094177,39410162141.0,39410162141.0,0.37315099647344474,0.37315099647344474
2025-03-23,14495.311991417251,14495.311991417251,43439789069.0,43439789069.0,0.33368743960503167,0.33368743960503167
2025-03-24,17390.036148573403,17390.036148573403,47138173502.0,47138173502.0,0.36891620647617096,0.36891620647617096
2025-03-25,16814.704770119875,16814.704770119875,45899113425.0,45899113425.0,0.3663405132562182,0.3663405132562182
2025-03-26,21420.597898501976,21420.597898501976,53901873520.0,53901873520.0,0.39739987684387224,0.39739987684387224
2025-03-27,23579.478274266854,23579.478274266854,58125116092.0,58125116092.0,0.4056676331956986,0.4056676331956986
2025-03-28,27709.77425220515,27709.77425220515,63325527984.0,63325527984.0,0.4375766793323283,0.4375766793323283
2025-03-29,20308.009037946875,20308.009037946875,53066727621.0,53066727621.0,0.3826881729543546,0.3826881729543546
2025-03-30,11137.657284985926,11137.657284985926,30334123084.0,30334123084.0,0.36716595545366465,0.36716595545366465
2025-03-31,20782.384363896526,20782.384363896526,59313736730.0,59313736730.0,0.3503806286644744,0.3503806286644744
2025-04-01,20128.40246218245,20128.40246218245,56808957292.0,56808957292.0,0.3543174073539454,0.3543174073539454
2025-04-02,26690.698931786996,26690.698931786996,79609727523.0,79609727523.0,0.3352693164798963,0.3352693164798963
2025-04-03,32870.66781141225,32870.66781141225,98402967140.0,98402967140.0,0.33404142950940136,0.33404142950940136
2025-04-04,33742.554106307995,33742.554106307995,89147525846.0,89147525846.0,0.3785024181669087,0.3785024181669087
2025-04-05,27420.925927603603,27420.925927603603,84554583232.0,84554583232.0,0.3242985167624367,0.3242985167624367
2025-04-06,27408.757638804997,27408.757638804997,86106791708.0,86106791708.0,0.3183112167475926,0.3183112167475926
2025-04-07,32661.30603122424,32661.30603122424,93187462765.0,93187462765.0,0.3504903456121503,0.3504903456121503
2025-04-08,32464.690289512997,32464.690289512997,90081270605.0,90081270605.0,0.36039334338287,0.36039334338287
2025-04-09,38353.27865088074,38353.27865088074,92911861721.0,92911861721.0,0.41279205841391625,0.41279205841391625
2025-04-10,33673.881732401256,33673.881732401256,76053073661.0,76053073661.0,0.4427681895211714,0.4427681895211714
2025-04-11,20480.610899765747,20480.610899765747,49864199256.0,49864199256.0,0.4107277607050188,0.4107277607050188
2025-04-12,18392.653052665504,18392.653052665504,41340668270.0,41340668270.0,0.44490458965349244,0.44490458965349244
2025-04-13,13141.805179246601,13141.805179246601,34933709156.0,34933709156.0,0.37619266595941886,0.37619266595941886
2025-04-14,16640.756249163253,16640.756249163253,41206034253.0,41206034253.0,0.40384270291557417,0.40384270291557417
2025-04-15,20879.411153332756,20879.411153332756,39814636475.0,39814636475.0,0.5244154663183511,0.5244154663183511
2025-04-16,19222.84274246075,19222.84274246075,37457499709.0,37457499709.0,0.5131907599759531,0.5131907599759531
2025-04-17,17164.83611240375,17164.83611240375,36609756127.0,36609756127.0,0.46885961361934725,0.46885961361934725
2025-04-18,16158.005862845499,16158.005862845499,35491652730.0,35491652730.0,0.4552621425033733,0.4552621425033733
2025-04-19,14861.2794044645,14861.2794044645,30032433925.0,30032433925.0,0.4948409922944499,0.4948409922944499
2025-04-20,12416.165676431252,12416.165676431252,32286399993.0,32286399993.0,0.3845633356188115,0.3845633356188115
2025-04-21,16808.025547620506,16808.025547620506,34208241341.0,34208241341.0,0.4913443336672028,0.4913443336672028
2025-04-22,21352.916032553247,21352.916032553247,35642690592.0,35642690592.0,0.5990826079035096,0.5990826079035096
2025-04-23,15435.762774664,15435.762774664,35459198592.0,35459198592.0,0.435310536830533,0.435310536830533
2025-04-24,14658.90689558625,14658.90689558625,32737869954.0,32737869954.0,0.447766055524794,0.447766055524794
2025-04-25,17539.11148892575,17539.11148892575,41481529484.0,41481529484.0,0.42281737696510996,0.42281737696510996
2025-04-26,15588.74489125575,15588.74489125575,44221993184.0,44221993184.0,0.3525111323316817,0.3525111323316817
2025-04-27,15171.5106638665,15171.5106638665,39144458711.0,39144458711.0,0.3875774800177055,0.3875774800177055
2025-04-28,19730.55291451775,19730.55291451775,45975746525.0,45975746525.0,0.429151333166259,0.429151333166259
2025-04-29,20653.343284232753,20653.343284232753,45732672693.0,45732672693.0,0.45161023985799165,0.45161023985799165
2025-04-30,15885.944986937377,15885.944986937377,37372042006.0,37372042006.0,0.42507564837872447,0.42507564837872447
2025-05-01,16309.1157793348,16309.1157793348,39793674106.0,39793674106.0,0.4098419194943286,0.4098419194943286
2025-05-02,18297.636887943703,18297.636887943703,45349601449.0,45349601449.0,0.40347955226290494,0.40347955226290494
2025-05-03,25701.018873298544,25701.018873298544,63718886176.0,63718886176.0,0.4033500962698709,0.4033500962698709
2025-05-04,28117.622139618376,28117.622139618376,69417561878.0,69417561878.0,0.40505055750927327,0.40505055750927327
2025-05-05,36795.9543383816,36795.9543383816,86845960604.0,86845960604.0,0.42369217960710576,0.42369217960710576
2025-05-06,38347.82977424649,38347.82977424649,85777135883.0,85777135883.0,0.44706353714762553,0.44706353714762553
2025-05-07,36752.77646509512,36752.77646509512,85248860821.0,85248860821.0,0.4311233735107171,0.4311233735107171
2025-05-08,40470.46781990405,40470.46781990405,91425011363.0,91425011363.0,0.44266297828739,0.44266297828739
2025-05-09,39857.82083519449,39857.82083519449,91764308685.0,91764308685.0,0.4343499276174435,0.4343499276174435
2025-05-10,32882.3012664822,32882.3012664822,81976699693.0,81976699693.0,0.40111765159643314,0.40111765159643314
2025-05-11,34205.93719378265,34205.93719378265,83765157056.0,83765157056.0,0.40835519679041204,0.40835519679041204
2025-05-12,32567.917048454347,32567.917048454347,83540147529.0,83540147529.0,0.38984749263399093,0.38984749263399093
2025-05-13,34551.774630940294,34551.774630940294,110019446000.0,110019446000.0,0.3140515235001301,0.3140515235001301
2025-05-14,33330.273363818545,33330.273363818545,103295845296.0,103295845296.0,0.3226680924901557,0.3226680924901557
2025-05-15,36539.3891282565,36539.3891282565,102301122655.0,102301122655.0,0.35717485966876267,0.35717485966876267
2025-05-16,34033.745769124,34033.745769124,90481967157.0,90481967157.0,0.37613843772947886,0.37613843772947886
2025-05-17,32616.475609761746,32616.475609761746,84571730515.0,84571730515.0,0.38566640898966525,0.38566640898966525
2025-05-18,29935.356242569447,29935.356242569447,80734964734.0,80734964734.0,0.3707855244775098,0.3707855244775098
2025-05-19,40357.755533866744,40357.755533866744,103178292659.0,103178292659.0,0.3911457971808805,0.3911457971808805
2025-05-20,39832.350859461025,39832.350859461025,104800087325.0,104800087325.0,0.3800793670708998,0.3800793670708998
2025-05-21,39700.203686191,39700.203686191,103309955248.0,103309955248.0,0.3842824594288997,0.3842824594288997
2025-05-22,46320.48027304725,46320.48027304725,106825505121.0,106825505121.0,0.4336088111222183,0.4336088111222183
2025-05-23,41850.83327712025,41850.83327712025,105252019890.0,105252019890.0,0.39762498924827283,0.39762498924827283
2025-05-24,30773.261310931495,30773.261310931495,88385735248.0,88385735248.0,0.3481699985250486,0.3481699985250486
2025-05-25,32913.22288961475,32913.22288961475,92167590062.0,92167590062.0,0.3571019147563089,0.3571019147563089
2025-05-26,39933.767667913744,39933.767667913744,111716583333.0,111716583333.0,0.35745604167718664,0.35745604167718664
2025-05-27,41711.1553421765,41711.1553421765,115245312624.0,115245312624.0,0.3619336387091382,0.3619336387091382
2025-05-28,42820.785364205,42820.785364205,114714780463.0,114714780463.0,0.37328045428301526,0.37328045428301526
2025-05-29,40335.25009425124,40335.25009425124,105592748020.0,105592748020.0,0.38198882831055275,0.38198882831055275
2025-05-30,38335.143112048,38335.143112048,102293120623.0,102293120623.0,0.37475778310969393,0.37475778310969393
2025-05-31,31821.958356188425,31821.958356188425,88969775827.0,88969775827.0,0.357671558238672,0.357671558238672
2025-06-01,30303.56475491877,30303.56475491877,91075640530.0,91075640530.0,0.3327296363612934,0.3327296363612934
2025-06-02,41428.672164746196,41428.672164746196,110388038891.0,110388038891.0,0.3753003729475975,0.3753003729475975
2025-06-03,41474.139723570144,41474.139723570144,108513634914.0,108513634914.0,0.3822021053523783,0.3822021053523783
2025-06-04,40788.54810165112,40788.54810165112,105802724406.0,105802724406.0,0.38551510209824075,0.38551510209824075
2025-06-05,33696.142058806494,33696.142058806494,85318146117.0,85318146117.0,0.3949469555116411,0.3949469555116411
2025-06-06,26277.99151273185,26277.99151273185,60105953757.0,60105953757.0,0.43719448524134746,0.43719448524134746
2025-06-07,20565.486211622752,20565.486211622752,51186082075.0,51186082075.0,0.40177886991798545,0.40177886991798545
2025-06-08,20793.527738738198,20793.527738738198,51597782745.0,51597782745.0,0.40299266039204296,0.40299266039204296
2025-06-09,25509.022268643173,25509.022268643173,53537784435.0,53537784435.0,0.4764676487427971,0.4764676487427971
2025-06-10,26321.751370814454,26321.751370814454,50025075428.0,50025075428.0,0.5261711480815012,0.5261711480815012
2025-06-11,24621.804338713326,24621.804338713326,45574849851.0,45574849851.0,0.5402498180292541,0.5402498180292541
2025-06-12,23940.4753541671,23940.4753541671,41432261029.0,41432261029.0,0.5778220825894648,0.5778220825894648
2025-06-13,26968.56219489825,26968.56219489825,44157099387.0,44157099387.0,0.6107412526928317,0.6107412526928317
2025-06-14,21731.36421019755,21731.36421019755,38676049681.0,38676049681.0,0.5618816913681156,0.5618816913681156
2025-06-15,19853.83011606148,19853.83011606148,38455630194.0,38455630194.0,0.5162788911767503,0.5162788911767503
2025-06-16,24581.727626388223,24581.727626388223,43896928163.0,43896928163.0,0.5599874217874716,0.5599874217874716
2025-06-17,26112.937013139377,26112.937013139377,45735822937.0,45735822937.0,0.5709515066364789,0.5709515066364789
2025-06-18,53310.05070060832,53310.05070060832,59687645891.0,59687645891.0,0.8931504988144737,0.8931504988144737
2025-06-19,53456.72733717397,53456.72733717397,57849994741.0,57849994741.0,0.9240576006360051,0.9240576006360051
2025-06-20,53196.472901036344,53196.472901036344,60081024693.0,60081024693.0,0.8854122108079531,0.8854122108079531
2025-06-21,44352.97384726512,44352.97384726512,51944478754.0,51944478754.0,0.8538534780051038,0.8538534780051038
2025-06-22,51195.12426610776,51195.12426610776,57331047854.0,57331047854.0,0.8929738105691342,0.8929738105691342
2025-06-23,58609.023494760804,58609.023494760804,62869193451.0,62869193451.0,0.9322375598859948,0.9322375598859948
2025-06-24,64915.147646912075,64915.147646912075,67753300552.0,67753300552.0,0.9581104849215476,0.9581104849215476
2025-06-25,80868.13050579868,80868.13050579868,77452111464.0,77452111464.0,1.0441049182162898,1.0441049182162898
2025-06-26,122666.2380639513,122666.2380639513,95606262958.0,95606262958.0,1.2830355906478512,1.2830355906478512
2025-06-27,100321.42995281736,100321.42995281736,83122680338.0,83122680338.0,1.206908024920304,1.206908024920304
2025-06-28,85169.66508097229,85169.66508097229,79295128198.0,79295128198.0,1.0740844616368306,1.0740844616368306
2025-06-29,92208.90336456898,92208.90336456898,89551427625.0,89551427625.0,1.0296754145639895,1.0296754145639895
2025-06-30,115314.20067670473,115314.20067670473,92573986769.0,92573986769.0,1.2456436705534613,1.2456436705534613
2025-07-01,114015.53488100809,114015.53488100809,87889954130.0,87889954130.0,1.2972533210378647,1.2972533210378647
2025-07-02,121696.20827479285,121696.20827479285,90550570165.0,90550570165.0,1.343958498030876,1.343958498030876
2025-07-03,119757.5740905855,119757.5740905855,93698175867.0,93698175867.0,1.2781206569119932,1.2781206569119932
2025-07-04,125219.50591778792,125219.50591778792,91645341439.0,91645341439.0,1.3663488394675816,1.3663488394675816
2025-07-05,98911.69202312958,98911.69202312958,78031045148.0,78031045148.0,1.2675940945751227,1.2675940945751227
2025-07-06,98987.53320314625,98987.53320314625,76084750087.0,76084750087.0,1.301016735810498,1.301016735810498
2025-07-07,132898.3217933178,132898.3217933178,92809861658.0,92809861658.0,1.4319418154402805,1.4319418154402805
2025-07-08,127849.7024587041,127849.7024587041,99488723494.0,99488723494.0,1.2850672716331968,1.2850672716331968
2025-07-09,135385.50896992147,135385.50896992147,105660206133.0,105660206133.0,1.281329214893871,1.281329214893871
2025-07-10,134992.5456881974,134992.5456881974,103671462747.0,103671462747.0,1.3021186555227202,1.3021186555227202
2025-07-11,135107.894734467,135107.894734467,102068259837.0,102068259837.0,1.3237013636778987,1.3237013636778987
2025-07-12,104664.84770497445,104664.84770497445,86831964605.0,86831964605.0,1.2053723324250065,1.2053723324250065
2025-07-13,99713.60252513463,99713.60252513463,83354544307.0,83354544307.0,1.196258744548866,1.196258744548866
2025-07-14,133831.5209774883,133831.5209774883,103188309172.0,103188309172.0,1.2969639879883146,1.2969639879883146
2025-07-15,139782.29698164522,139782.29698164522,101462380469.0,101462380469.0,1.3776761035520273,1.3776761035520273
2025-07-16,168791.17987038096,168791.17987038096,130261407960.0,130261407960.0,1.295788081165317,1.295788081165317
2025-07-17,167032.1618415095,167032.1618415095,124217900151.0,124217900151.0,1.344670628294829,1.344670628294829
2025-07-18,159011.237330225,159011.237330225,128203085009.0,128203085009.0,1.240307417868004,1.240307417868004
2025-07-19,139989.71654505428,139989.71654505428,117662502515.0,117662502515.0,1.1897564096701745,1.1897564096701745
2025-07-20,132686.92430036853,132686.92430036853,119552849428.0,119552849428.0,1.1098599902487347,1.1098599902487347
2025-07-21,181042.0957313177,181042.0957313177,143774921606.0,143774921606.0,1.2592049691909724,1.2592049691909724
2025-07-22,187844.52908826972,187844.52908826972,146632162178.0,146632162178.0,1.2810595322207765,1.2810595322207765
2025-07-23,184182.99489194824,184182.99489194824,153864759703.0,153864759703.0,1.197044698522719,1.197044698522719
2025-07-24,173579.05640362724,173579.05640362724,145774668645.0,145774668645.0,1.190735386450017,1.190735386450017
2025-07-25,149181.73818789376,149181.73818789376,127265119710.0,127265119710.0,1.1722122960936612,1.1722122960936612
2025-07-26,113940.40883083224,113940.40883083224,105040071767.0,105040071767.0,1.0847327778257327,1.0847327778257327
2025-07-27,120253.90973109074,120253.90973109074,107160841802.0,107160841802.0,1.122181458347282,1.122181458347282
2025-07-28,159642.05438255475,159642.05438255475,132555088142.0,132555088142.0,1.204344975513409,1.204344975513409
2025-07-29,163329.75369468777,163329.75369468777,137110067914.0,137110067914.0,1.191230929862376,1.191230929862376
2025-07-30,166385.91644751077,166385.91644751077,142972832374.0,142972832374.0,1.1637589721400001,1.1637589721400001
2025-07-31,157104.35735024523,157104.35735024523,137727873513.0,137727873513.0,1.1406867276972539,1.1406867276972539
2025-08-01,148121.339581985,148121.339581985,130195638458.0,130195638458.0,1.1376828082437467,1.1376828082437467
2025-08-02,129290.59775257201,129290.59775257201,118035410613.0,118035410613.0,1.095354326986451,1.095354326986451
2025-08-03,117263.51142444,117263.51142444,109696076042.0,109696076042.0,1.068985470178009,1.068985470178009
2025-08-04,164839.19650408576,164839.19650408576,144298541002.0,144298541002.0,1.142348324241207,1.142348324241207
2025-08-05,170829.09108078078,170829.09108078078,152792980064.0,152792980064.0,1.1180427988853026,1.1180427988853026
2025-08-06,168818.58438128175,168818.58438128175,155497179035.0,155497179035.0,1.085669755740606,1.085669755740606
2025-08-07,169231.87951495574,169231.87951495574,157489159497.0,157489159497.0,1.074562084498136,1.074562084498136
2025-08-08,156314.66389969422,156314.66389969422,150490475751.0,150490475751.0,1.0387013737555781,1.0387013737555781
2025-08-09,121156.29275752074,121156.29275752074,126376421405.0,126376421405.0,0.9586938086278748,0.9586938086278748
2025-08-10,120194.5556620355,120194.5556620355,123291400281.0,123291400281.0,0.9748819089416916,0.9748819089416916
2025-08-11,155402.32100032648,155402.32100032648,148900871265.0,148900871265.0,1.0436629395119912,1.0436629395119912
2025-08-12,171841.01094580523,171841.01094580523,170911414176.0,170911414176.0,1.005439056099834,1.005439056099834
2025-08-13,159621.99028327598,159621.99028327598,154130446834.0,154130446834.0,1.0356291930768904,1.0356291930768904
2025-08-14,154420.18658490138,154420.18658490138,146575399582.0,146575399582.0,1.0535204886036331,1.0535204886036331
2025-08-15,143116.94681485952,143116.94681485952,135663096659.0,135663096659.0,1.0549438302635488,1.0549438302635488
2025-08-16,110312.23494727502,110312.23494727502,117193003148.0,117193003148.0,0.9412868685339906,0.9412868685339906
2025-08-17,115182.8725005175,115182.8725005175,130062516051.0,130062516051.0,0.8855962194007694,0.8855962194007694
2025-08-18,157587.29310911903,157587.29310911903,159063556150.0,159063556150.0,0.9907190366127057,0.9907190366127057
2025-08-19,156124.31951464547,156124.31951464547,162115414844.0,162115414844.0,0.963044258714573,0.963044258714573
2025-08-20,163043.37750935258,163043.37750935258,159475364378.0,159475364378.0,1.0223734439815757,1.0223734439815757
2025-08-21,158845.031864135,158845.031864135,153384184902.0,153384184902.0,1.035602412110636,1.035602412110636
2025-08-22,148809.82773638723,148809.82773638723,160749184205.0,160749184205.0,0.9257267990026825,0.9257267990026825
2025-08-23,111435.4686191505,111435.4686191505,141405455702.0,141405455702.0,0.7880563593952931,0.7880563593952931
2025-08-24,132160.31115281078,132160.31115281078,153932014723.0,153932014723.0,0.8585628622520968,0.8585628622520968
2025-08-25,150354.68911718452,150354.68911718452,173742461163.0,173742461163.0,0.8653882770552342,0.8653882770552342
2025-08-26,172210.33408154352,172210.33408154352,184516567411.0,184516567411.0,0.9333055372635182,0.9333055372635182
2025-08-27,186545.73644490127,186545.73644490127,186788441936.0,186788441936.0,0.9987006396724383,0.9987006396724383
2025-08-28,155158.68997830525,155158.68997830525,159794298382.0,159794298382.0,0.9709901513969353,0.9709901513969353
2025-08-29,197874.32267343026,197874.32267343026,190157062064.0,190157062064.0,1.0405836129653334,1.0405836129653334
2025-08-30,194586.51928705975,194586.51928705975,166155946047.0,166155946047.0,1.1711077690353475,1.1711077690353475
2025-08-31,153031.9936300615,153031.9936300615,174445376030.0,174445376030.0,0.8772487818980311,0.8772487818980311
2025-09-01,245768.87069608548,245768.87069608548,274428699563.0,274428699563.0,0.8955654823546065,0.8955654823546065
2025-09-02,153222.22264677874,153222.22264677874,157577064005.0,157577064005.0,0.9723637358918993,0.9723637358918993
2025-09-03,180951.17717645474,180951.17717645474,186696597060.0,186696597060.0,0.9692258992717536,0.9692258992717536
2025-09-04,165559.38963335098,165559.38963335098,167363059988.0,167363059988.0,0.9892230080235247,0.9892230080235247
2025-09-05,166322.379763051,166322.379763051,181722884236.0,181722884236.0,0.9152528062841625,0.9152528062841625
2025-09-06,141672.4420771038,141672.4420771038,157547647556.0,157547647556.0,0.8992355282661177,0.8992355282661177
2025-09-07,140454.9758519395,140454.9758519395,155696592821.0,155696592821.0,0.9021069331518169,0.9021069331518169
2025-09-08,164619.02502848097,164619.02502848097,189937535254.0,189937535254.0,0.866700859355361,0.866700859355361
2025-09-09,157025.84960632722,157025.84960632722,190245822167.0,190245822167.0,0.8253839575435622,0.8253839575435622
2025-09-10,163519.11530854026,163519.11530854026,190214391748.0,190214391748.0,0.8596569050630712,0.8596569050630712
2025-09-11,159991.29108472314,159991.29108472314,184119351325.0,184119351325.0,0.8689542404606511,0.8689542404606511
2025-09-12,161544.67116979623,161544.67116979623,177131430357.0,177131430357.0,0.912004554156259,0.912004554156259
2025-09-13,129817.793780508,129817.793780508,158994080549.0,158994080549.0,0.8164945093065887,0.8164945093065887
2025-09-14,122751.79906341323,122751.79906341323,146029414636.0,146029414636.0,0.8405963919624708,0.8405963919624708
2025-09-15,149216.52955133602,149216.52955133602,163280529411.0,163280529411.0,0.9138660322183123,0.9138660322183123
2025-09-16,170266.43077993975,170266.43077993975,181374686722.0,181374686722.0,0.9387552025984404,0.9387552025984404
2025-09-17,156635.910352014,156635.910352014,169503504687.0,169503504687.0,0.92408655880746,0.92408655880746
2025-09-18,166248.94983104302,166248.94983104302,174942909230.0,174942909230.0,0.9503040195385861,0.9503040195385861
2025-09-19,167243.05695477524,167243.05695477524,172429126740.0,172429126740.0,0.9699234701046496,0.9699234701046496
2025-09-20,132187.14228798103,132187.14228798103,148295936491.0,148295936491.0,0.891374001309897,0.891374001309897
2025-09-21,118560.5591562675,118560.5591562675,145214860520.0,145214860520.0,0.8164492169170146,0.8164492169170146
2025-09-22,158425.78793862075,158425.78793862075,177486227580.0,177486227580.0,0.8926089088642781,0.8926089088642781
2025-09-23,162423.7505066255,162423.7505066255,185602016685.0,185602016685.0,0.875118457264868,0.875118457264868
2025-09-24,194567.87085216527,194567.87085216527,195503465635.0,195503465635.0,0.9952144337707984,0.9952144337707984
2025-09-25,186096.38334079774,186096.38334079774,180513686336.0,180513686336.0,1.0309267242728972,1.0309267242728972
2025-09-26,171269.98538747826,171269.98538747826,176581259583.0,176581259583.0,0.9699216428285515,0.9699216428285515
2025-09-27,135638.06598316957,135638.06598316957,181544087308.0,181544087308.0,0.7471356847499625,0.7471356847499625
2025-09-28,144195.7888571222,144195.7888571222,192335929525.0,192335929525.0,0.7497080197820216,0.7497080197820216
2025-09-29,170382.46966314863,170382.46966314863,189188402952.0,189188402952.0,0.9005967966565968,0.9005967966565968
2025-09-30,210975.05611941277,210975.05611941277,226601454653.0,226601454653.0,0.931040166721276,0.931040166721276
2025-10-01,174169.4181336405,174169.4181336405,199403626420.0,199403626420.0,0.8734516079802421,0.8734516079802421
2025-10-02,165703.16365634746,165703.16365634746,200897175480.0,200897175480.0,0.8248157957444443,0.8248157957444443
2025-10-03,175325.75721943652,175325.75721943652,224592888979.0,224592888979.0,0.7806380603431746,0.7806380603431746
2025-10-04,144568.06513845897,144568.06513845897,234167495396.0,234167495396.0,0.617370335255029,0.617370335255029
2025-10-05,141962.16786007723,141962.16786007723,217508148437.0,217508148437.0,0.6526751704715824,0.6526751704715824
2025-10-06,173370.055867442,173370.055867442,235135042235.0,235135042235.0,0.7373212185624441,0.7373212185624441
2025-10-07,190567.27486138625,190567.27486138625,252274263826.0,252274263826.0,0.7553972092564517,0.7553972092564517
2025-10-08,169806.856216343,169806.856216343,234593607580.0,234593607580.0,0.7238341145269113,0.7238341145269113
2025-10-09,197098.9251599555,197098.9251599555,254464174210.0,254464174210.0,0.774564536528026,0.774564536528026
2025-10-10,177164.534800467,177164.534800467,217287976430.0,217287976430.0,0.8153444001423664,0.8153444001423664
2025-10-11,147962.94298969596,147962.94298969596,191921434099.0,191921434099.0,0.7709558011814945,0.7709558011814945
2025-10-12,147284.74919781426,147284.74919781426,199192399329.0,199192399329.0,0.739409483966045,0.739409483966045
2025-10-13,193228.2847376372,193228.2847376372,253069945943.0,253069945943.0,0.7635370688432471,0.7635370688432471
2025-10-14,188883.08467110328,188883.08467110328,207754914931.0,207754914931.0,0.909163014188307,0.909163014188307
2025-10-15,195168.59550937946,195168.59550937946,192860576576.0,192860576576.0,1.0119672925092078,1.0119672925092078
2025-10-16,176563.7366332665,176563.7366332665,187293328915.0,187293328915.0,0.9427123627739942,0.9427123627739942
2025-10-17,170730.0486375985,170730.0486375985,180662642317.0,180662642317.0,0.9450213195599494,0.9450213195599494
2025-10-18,141114.49446784527,141114.49446784527,165841896385.0,165841896385.0,0.850897737808362,0.850897737808362
2025-10-19,146137.69081559323,146137.69081559323,170693794536.0,170693794536.0,0.8561394467376037,0.8561394467376037
2025-10-20,170790.85101113803,170790.85101113803,191626098625.0,191626098625.0,0.8912713468396848,0.8912713468396848
2025-10-21,187083.84457380077,187083.84457380077,212335635814.0,212335635814.0,0.8810760561061965,0.8810760561061965
2025-10-22,182302.97399008425,182302.97399008425,200563774166.0,200563774166.0,0.9089526498399363,0.9089526498399363
2025-10-23,190677.64147767876,190677.64147767876,202830445848.0,202830445848.0,0.9400839241884402,0.9400839241884402
2025-10-24,191312.31163359922,191312.31163359922,215360292855.0,215360292855.0,0.8883360488481874,0.8883360488481874
2025-10-25,157288.04237616475,157288.04237616475,179951240371.0,179951240371.0,0.874059228777133,0.874059228777133
2025-10-26,164327.863051456,164327.863051456,182708648153.0,182708648153.0,0.8993983848747436,0.8993983848747436
2025-10-27,200035.9233477215,200035.9233477215,234302423615.0,234302423615.0,0.8537509781649362,0.8537509781649362
2025-10-28,212288.96052618575,212288.96052618575,220634762932.0,220634762932.0,0.9621736742890945,0.9621736742890945
2025-10-29,219310.1417412705,219310.1417412705,238443270380.0,238443270380.0,0.9197581520827256,0.9197581520827256
2025-10-30,215484.48295808202,215484.48295808202,225309943994.0,225309943994.0,0.9563913564499417,0.9563913564499417
2025-10-31,211982.68826530996,211982.68826530996,209247012760.0,209247012760.0,1.0130739047082489,1.0130739047082489
2025-11-01,170253.12381690426,170253.12381690426,180380166095.0,180380166095.0,0.9438572294430521,0.9438572294430521
2025-11-02,173047.48860158675,173047.48860158675,191753354688.0,191753354688.0,0.9024482981439914,0.9024482981439914
2025-11-03,199958.037096688,199958.037096688,222250798891.0,222250798891.0,0.8996954705875088,0.8996954705875088
2025-11-04,192604.19890140122,192604.19890140122,227522247189.0,227522247189.0,0.8465290813579527,0.8465290813579527
2025-11-05,212421.04929031027,212421.04929031027,230381903049.0,230381903049.0,0.9220387820354552,0.9220387820354552
2025-11-06,245583.3287672655,245583.3287672655,259754235818.0,259754235818.0,0.9454449433476668,0.9454449433476668
2025-11-07,229075.722077058,229075.722077058,262356617525.0,262356617525.0,0.8731463465190823,0.8731463465190823
2025-11-08,206800.05670796975,206800.05670796975,262631127255.0,262631127255.0,0.7874163998358754,0.7874163998358754
2025-11-09,196229.75329722426,196229.75329722426,232288296200.0,232288296200.0,0.8447681459089554,0.8447681459089554
2025-11-10,251348.176606536,251348.176606536,273032810780.0,273032810780.0,0.9205786509265486,0.9205786509265486
2025-11-11,264175.2725300837,264175.2725300837,295974085006.0,295974085006.0,0.892562173221106,0.892562173221106
2025-11-12,220114.34134804728,220114.34134804728,267290832370.0,267290832370.0,0.8235012753574422,0.8235012753574422
2025-11-13,216944.93553708776,216944.93553708776,252914341439.0,252914341439.0,0.8577802836436318,0.8577802836436318
2025-11-14,193578.6269774755,193578.6269774755,229170848032.0,229170848032.0,0.8446913236994497,0.8446913236994497
2025-11-15,157915.34198134,157915.34198134,196919264433.0,196919264433.0,0.8019293715931448,0.8019293715931448
2025-11-16,162627.9999358505,162627.9999358505,207805709119.0,207805709119.0,0.7825964003843683,0.7825964003843683
2025-11-17,213330.57301289396,213330.57301289396,252417468132.0,252417468132.0,0.8451498012068412,0.8451498012068412
2025-11-18,201213.27842404752,201213.27842404752,249790270802.0,249790270802.0,0.8055288854045971,0.8055288854045971
2025-11-19,197064.25440205826,197064.25440205826,267770813367.0,267770813367.0,0.7359437420536453,0.7359437420536453
2025-11-20,190467.2119958755,190467.2119958755,263148023448.0,263148023448.0,0.7238025560678901,0.7238025560678901
2025-11-21,180232.6943672245,180232.6943672245,240964646157.0,240964646157.0,0.7479632271440942,0.7479632271440942
2025-11-22,151350.39031216674,151350.39031216674,210775384434.0,210775384434.0,0.7180648286733834,0.7180648286733834
2025-11-23,159482.00493718951,159482.00493718951,223017873901.0,223017873901.0,0.7151086240199083,0.7151086240199083
2025-11-24,200043.16447285924,200043.16447285924,257796032008.0,257796032008.0,0.7759745676250418,0.7759745676250418
2025-11-25,192384.6995249552,192384.6995249552,255125289052.0,255125289052.0,0.7540793005657039,0.7540793005657039
2025-11-26,204164.59139206324,204164.59139206324,262221496298.0,262221496298.0,0.7785959361624634,0.7785959361624634
2025-11-27,193005.73909130774,193005.73909130774,247955800663.0,247955800663.0,0.7783876746389345,0.7783876746389345
2025-11-28,168674.65622682974,168674.65622682974,216244753565.0,216244753565.0,0.7800173342754816,0.7800173342754816
2025-11-29,149765.17302013576,149765.17302013573,196585728940.0,194127114567.0,0.7618313589072665,0.7714799313541879
2025-11-30,158732.05589026026,158732.05589026026,209079954032.0,209079954032.0,0.7591930877599394,0.7591930877599394
2025-12-01,195616.61022593745,195616.61022593745,241021133844.0,241021133844.0,0.8116160068873859,0.8116160068873859
2025-12-02,192738.93011111722,192738.93011111722,239472990311.0,239472990311.0,0.8048462161048311,0.8048462161048311
2025-12-03,208523.52614382101,208523.52614382101,253199578175.0,253199578175.0,0.8235540029205699,0.8235540029205699
2025-12-04,194401.69849734046,194401.6984973405,284427893874.0,281564469473.0,0.6834832401615973,0.6904340553380163
2025-12-05,185114.4202935685,185114.42029356852,266751395854.0,263058415680.0,0.693958581550915,0.703700810388643
2025-12-06,160800.58771551002,160800.58771551002,226964959070.0,223214173633.0,0.7084819981657005,0.7203869946891994
2025-12-07,162106.82083659223,162106.82083659223,230346478836.0,224507835121.0,0.7037521114095587,0.7220541801992063
2025-12-08,209997.8043959943,209997.80439599426,276345762147.0,269314036469.0,0.7599096246834701,0.7797506849226796
2025-12-09,222447.61550841999,222447.61550841999,296157052529.0,291181363026.0,0.7511136865013123,0.7639486717031313
2025-12-10,191873.43005484628,191873.43005484628,287948569404.0,282297815529.0,0.6663461827644729,0.6796844307678868
2025-12-11,198639.09970296378,198639.09970296375,285948479263.0,277085084020.0,0.6946674457403434,0.7168884619160012
2025-12-12,196653.55286675523,196653.55286675526,285566382241.0,278831295121.0,0.6886439199302951,0.7052779092871072
2025-12-13,159862.64843454649,159862.6484345465,255301833836.0,249311632045.0,0.6261711717168416,0.6412161643773275
2025-12-14,145574.1288758155,145574.1288758155,250003436919.0,243985116812.0,0.5822885103894827,0.5966516760445927
2025-12-15,186764.55165774826,186764.55165774823,309799133494.0,303014232981.0,0.6028569207129993,0.6163557065303232
2025-12-16,192631.59716814198,192631.597168142,284921851725.0,275678473321.0,0.6760857266716964,0.698754584816065
2025-12-17,185595.666169216,185595.666169216,273282912714.0,265650512502.0,0.679133811646132,0.6986459932683876
2025-12-18,177515.52029791824,177515.52029791824,269730051002.0,260711600733.0,0.6581228885638775,0.6808884598875807
2025-12-19,158391.50948445048,158391.5094844505,235161253932.0,232163922126.0,0.6735442460697691,0.6822399795541371
2025-12-20,136411.0072111305,136411.0072111305,186318955925.0,186318955925.0,0.7321370310063393,0.7321370310063393
2025-12-21,132830.1623135685,132830.1623135685,193209199651.0,193209199651.0,0.6874939834826908,0.6874939834826908
2025-12-22,154335.08933000648,154335.08933000648,216994007463.0,216994007463.0,0.7112412510116087,0.7112412510116087
2025-12-23,144937.78741229099,144937.78741229096,251946411424.0,216713426701.0,0.5752722834713273,0.6687992969270978
2025-12-24,139610.98476551552,139610.98476551552,200736628243.0,200736628243.0,0.6954933237022923,0.6954933237022923
2025-12-25,135821.597419105,135821.597419105,188597507835.0,188597507835.0,0.7201664485298102,0.7201664485298102
2025-12-26,139981.93031219902,139981.93031219902,209359327546.0,209359327546.0,0.6686204620209362,0.6686204620209362
2025-12-27,130243.22905411599,130243.22905411599,199608318674.0,199608318674.0,0.6524939938341399,0.6524939938341399
2025-12-28,130752.67059572524,130752.67059572524,210587843767.0,210587843767.0,0.620893724237917,0.620893724237917
2025-12-29,163674.3753416287,163674.3753416287,251041178149.0,251041178149.0,0.6519821829567871,0.6519821829567871
2025-12-30,150796.423882562,150796.423882562,239221868513.0,239221868513.0,0.6303622023350565,0.6303622023350565
2025-12-31,129099.608697357,129099.608697357,204623163423.0,201187771811.0,0.6309139519580216,0.6416871539222367
2026-01-01,117762.2730334755,117762.2730334755,187380445116.0,187380445116.0,0.6284661825868405,0.6284661825868405
2026-01-02,134895.82356843696,134895.82356843696,212728959964.0,212728959964.0,0.6341206368482472,0.6341206368482472
2026-01-03,126521.50442739124,126521.50442739124,201030960387.0,201030960387.0,0.6293632790880949,0.6293632790880949
2026-01-04,137700.027817729,137700.027817729,205345352418.0,205345352418.0,0.6705777666563765,0.6705777666563765
2026-01-05,159867.22909772125,159867.22909772125,247001177824.0,244021149144.0,0.6472326589941777,0.6551367767036519
2026-01-06,146832.74538352105,146832.74538352105,221883250057.0,221883250057.0,0.6617567813063894,0.6617567813063894
2026-01-07,160844.5466537983,160844.5466537983,253171186360.0,253171186360.0,0.6353193227332091,0.6353193227332091
2026-01-08,151848.737024456,151848.737024456,244219514259.0,244219514259.0,0.6217715135712586,0.6217715135712586
2026-01-09,140608.08248108826,140608.08248108826,234248696878.0,234248696878.0,0.6002512899967973,0.6002512899967973
2026-01-10,121505.1763036215,121505.1763036215,214305555928.0,214305555928.0,0.5669716577224132,0.5669716577224132
2026-01-11,119452.445977877,119452.445977877,189333606457.0,189333606457.0,0.6309098960992227,0.6309098960992227
2026-01-12,140244.6832290345,140244.6832290345,225682013275.0,225682013275.0,0.6214260551555003,0.6214260551555003
2026-01-13,160492.696205325,160492.696205325,251207312770.0,251207312770.0,0.6388854465883669,0.6388854465883669
2026-01-14,153908.48099763598,153908.48099763598,261345463101.0,261345463101.0,0.5889081798912126,0.5889081798912126
2026-01-15,163928.685930538,163928.685930538,276418628571.0,276418628571.0,0.5930450012649267,0.5930450012649267
2026-01-16,258316.78159909323,258316.78159909323,283333722194.0,283333722194.0,0.9117050367277583,0.9117050367277583
2026-01-17,399361.3744870882,399361.3744870882,289910110549.0,289910110549.0,1.3775351736813228,1.3775351736813228
2026-01-18,711117.9358509796,711117.9358509796,386013503821.0,386013503821.0,1.8422099973495623,1.8422099973495623
2026-01-19,209389.5398779847,209389.5398779847,264504342240.0,264504342240.0,0.7916298768660422,0.7916298768660422
2026-01-20,153411.40481201623,153411.40481201623,261929852257.0,261929852257.0,0.5856965271048685,0.5856965271048685
2026-01-21,159287.26030359202,159287.26030359202,260650911148.0,260650911148.0,0.611113383805312,0.611113383805312
2026-01-22,160765.43717617347,160765.43717617347,276225800645.0,276225800645.0,0.5820073172049054,0.5820073172049054
2026-01-23,142302.29278899948,142302.29278899948,232021970395.0,232021970395.0,0.6133138708663688,0.6133138708663688
2026-01-24,122667.26156700701,122667.26156700701,207536513561.0,207536513561.0,0.59106351678666,0.59106351678666
2026-01-25,124302.56196819175,124302.56196819175,207084634246.0,207084634246.0,0.6002500495547642,0.6002500495547642
2026-01-26,153691.7869623775,153691.7869623775,257023351870.0,257023351870.0,0.5979681839964228,0.5979681839964228
2026-01-27,169079.8459211875,169079.8459211875,291622355864.0,291622355864.0,0.5797904122276516,0.5797904122276516
2026-01-28,170801.208684121,170801.208684121,298718320550.0,298718320550.0,0.5717801585441492,0.5717801585441492
2026-01-29,190918.61360782673,190918.61360782673,313199040098.0,313199040098.0,0.6095759857632013,0.6095759857632013
2026-01-30,146338.09474332596,146338.09474332596,256734451787.0,256734451787.0,0.5699978858495217,0.5699978858495217
2026-01-31,124987.342430947,124987.342430947,231073565869.0,231073565869.0,0.5408984881542214,0.5408984881542214
2026-02-01,135970.3195494255,135970.3195494255,271720870086.0,271720870086.0,0.5004044021586959,0.5004044021586959
2026-02-02,161576.96395238698,161576.96395238698,294643424580.0,294643424580.0,0.5483813670123715,0.5483813670123715
2026-02-03,183557.55483561824,183557.55483561824,329867481021.0,329867481021.0,0.5564584731646603,0.5564584731646603
2026-02-04,176713.44985232846,176713.44985232846,324802169325.0,324802169325.0,0.5440648694544505,0.5440648694544505
2026-02-05,174691.128648101,174691.128648101,312593631710.0,312593631710.0,0.5588441699611009,0.5588441699611009
2026-02-06,202231.603651055,202231.603651055,309252270454.0,309252270454.0,0.6539373287515964,0.6539373287515964
2026-02-07,169013.99546086972,169013.99546086972,262976637979.0,262976637979.0,0.6426958560264442,0.6426958560264442
2026-02-08,143900.52908568227,143900.52908568227,271740047002.0,271740047002.0,0.5295521608731567,0.5295521608731567
2026-02-09,199853.21402592823,199853.21402592823,325052579487.0,325052579487.0,0.6148334966033429,0.6148334966033429
2026-02-10,196696.80679236396,196696.80679236396,357854358723.0,357854358723.0,0.5496560318400892,0.5496560318400892
2026-02-11,188227.31430118973,188227.31430118973,354266359605.0,354266359605.0,0.531315800097586,0.531315800097586
2026-02-12,219997.63742230998,219997.63742230998,364861423339.0,364861423339.0,0.602962175088337,0.602962175088337
2026-02-13,157500.25494326348,157500.25494326348,303447918595.0,303447918595.0,0.5190355421533567,0.5190355421533567
2026-02-14,120141.69360984226,120141.69360984226,234985313141.0,234985313141.0,0.5112732025841663,0.5112732025841663
2026-02-15,119222.60161133976,119222.60161133976,240441584863.0,240441584863.0,0.4958485100623131,0.4958485100623131
2026-02-16,138052.00005553325,138052.00005553325,270478555047.0,270478555047.0,0.5103990592952721,0.5103990592952721
2026-02-17,132821.16806215025,132821.16806215025,266639415296.0,266639415296.0,0.49813028548200083,0.49813028548200083
2026-02-18,136513.8851101725,136513.8851101725,268694042250.0,268694042250.0,0.5080644288463844,0.5080644288463844
2026-02-19,133518.958613561,133518.958613561,260431486578.0,260431486578.0,0.512683625040752,0.512683625040752
2026-02-20,129897.981887329,129897.981887329,259388318452.0,259388318452.0,0.5007857819602108,0.5007857819602108
2026-02-21,121768.149096634,121768.14909663404,233719462364.0,230098530417.0,0.5210013229749328,0.5292000295523732
2026-02-22,117646.186168665,117646.186168665,234117314203.0,230128186700.0,0.5025095498347275,0.5112202371021637
2026-02-23,147544.88061415675,147544.88061415675,292760714931.0,292760714931.0,0.5039777302392885,0.5039777302392885
2026-02-24,148778.778274191,148778.778274191,288788053822.0,284618883865.0,0.5151832851295629,0.5227298212045534
2026-02-25,186552.92625283173,186552.92625283173,360333153980.0,360333153980.0,0.5177234572847166,0.5177234572847166
2026-02-26,200526.17951994675,200526.17951994675,387322996726.0,387322996726.0,0.5177234019538555,0.5177234019538555
2026-02-27,164432.32764999123,164432.32764999123,327191037974.0,327191037974.0,0.5025575537403861,0.5025575537403861
2026-02-28,160214.30839397575,160214.30839397575,309178728511.0,305176961823.0,0.5181931796070364,0.5249882148276273
2026-03-01,156999.49120053626,156999.49120053626,320005656003.0,315849424181.0,0.49061473838157543,0.49707068995815695
2026-03-02,180342.4576234425,180342.4576234425,352769401109.0,347965494741.0,0.5112191053319831,0.5182768416669481
2026-03-03,176374.558330969,176374.558330969,368027249499.0,368027249499.0,0.4792432043308474,0.4792432043308474
2026-03-04,153558.27121405423,153558.27121405423,311558246265.0,311558246265.0,0.4928717922087776,0.4928717922087776
2026-03-05,156859.491563403,156859.491563403,328937267718.0,328937267718.0,0.4768674971115757,0.4768674971115757
2026-03-06,150604.10527596873,150604.10527596873,308534445186.0,308534445186.0,0.4881273634947859,0.4881273634947859
2026-03-07,126446.77147006975,126446.77147006975,291407692391.0,291407692391.0,0.4339170679832576,0.4339170679832576
2026-03-08,123963.34756959826,123963.34756959826,290201532683.0,290201532683.0,0.4271629664513486,0.4271629664513486
2026-03-09,144390.52396704126,144390.52396704126,294071016065.0,294071016065.0,0.49100562816134824,0.49100562816134824
2026-03-10,150883.45607152602,150883.45607152602,333446973495.0,333446973495.0,0.45249610302367466,0.45249610302367466
2026-03-11,167441.01945256398,167441.01945256398,329370194863.0,329370194863.0,0.5083672477475089,0.5083672477475089
2026-03-12,162648.0260265892,162648.0260265892,330952447827.0,330952447827.0,0.49145436782389607,0.49145436782389607
2026-03-13,154075.38801302374,154075.38801302374,307863940635.0,307863940635.0,0.5004658476573383,0.5004658476573383
2026-03-14,121277.14514578425,121277.14514578425,258026503348.0,258026503348.0,0.47001817089393305,0.47001817089393305
2026-03-15,123450.07894438649,123450.07894438649,281750254765.0,281750254765.0,0.43815427619525227,0.43815427619525227
2026-03-16,158073.15989276452,158073.15989276452,323713658177.0,323713658177.0,0.4883116788551855,0.4883116788551855
2026-03-17,191561.86831842398,191561.86831842398,374867026856.0,374867026856.0,0.5110128514770914,0.5110128514770914
2026-03-18,163967.01225057227,163967.01225057227,326219474376.0,326219474376.0,0.5026279089076827,0.5026279089076827
2026-03-19,168193.3059548545,168193.3059548545,314745845140.0,314745845140.0,0.5343781611478987,0.5343781611478987
2026-03-20,144622.0903329065,144622.0903329065,298450543759.0,298450543759.0,0.4845764008715943,0.4845764008715943
2026-03-21,118744.156031247,118744.156031247,280488007524.0,280488007524.0,0.4233484243389145,0.4233484243389145
2026-03-22,126616.22484078574,126616.22484078574,276970708293.0,276970708293.0,0.4571466261581776,0.4571466261581776
2026-03-23,155177.3640663955,155177.3640663955,340824027992.0,340824027992.0,0.4553005402249336,0.4553005402249336
2026-03-24,157896.8817710408,157896.8817710408,344066270530.0,344066270530.0,0.4589141549034036,0.4589141549034036
2026-03-25,168462.89692131526,168462.89692131526,366982867117.0,366982867117.0,0.45904839712205586,0.45904839712205586
2026-03-26,161405.05415165803,161405.05415165803,357310960537.0,357310960537.0,0.45172153104143115,0.45172153104143115
2026-03-27,146340.42598601975,146340.42598601975,317720572709.0,317720572709.0,0.46059474442674136,0.46059474442674136
2026-03-28,118638.5514735405,118638.5514735405,282847740921.0,282847740921.0,0.4194431643230855,0.4194431643230855
2026-03-29,123493.84709394399,123493.84709394399,298810048022.0,298810048022.0,0.4132854564678217,0.4132854564678217
2026-03-30,157705.72881477152,157705.72881477152,333969456676.0,333969456676.0,0.4722160235382528,0.4722160235382528
2026-03-31,157064.49926432123,157064.49926432123,340339290297.0,340339290297.0,0.4614938790265959,0.4614938790265959
2026-04-01,151546.46677800576,151546.46677800576,323181293141.0,323181293141.0,0.46892091217633664,0.46892091217633664
2026-04-02,147408.18562985378,147408.18562985378,313987138839.0,313987138839.0,0.469472049635252,0.469472049635252
2026-04-03,138297.75282805253,138297.75282805253,301958821268.0,301958821268.0,0.4580020290425892,0.4580020290425892
2026-04-04,130980.5134382585,130980.5134382585,316769423042.0,316769423042.0,0.41348849955411254,0.41348849955411254
2026-04-05,136692.71380225875,136692.71380225875,362203234580.0,362203234580.0,0.3773923056230116,0.3773923056230116
2026-04-06,177962.14937849477,177962.14937849477,405692029137.0,405692029137.0,0.4386631646598063,0.4386631646598063
2026-04-07,179267.12163778924,179267.12163778924,413533174386.0,413533174386.0,0.4335011862203292,0.4335011862203292
2026-04-08,184770.12320332322,184770.12320332322,421197342448.0,421197342448.0,0.4386782740115092,0.4386782740115092
2026-04-09,187924.64494515775,187924.64494515775,428792609187.0,428792609187.0,0.4382646550309412,0.4382646550309412
2026-04-10,163116.90387514548,163116.90387514548,353390330925.0,353390330925.0,0.46157715591195325,0.46157715591195325
2026-04-11,134924.66155540277,134924.66155540277,312717757246.0,306128725946.0,0.4314582668526368,0.4407448570481523
2026-04-12,132421.84655286925,132421.84655286925,307637871482.0,300755690272.0,0.43044715501035863,0.44029706115654355
2026-04-13,159327.46575027527,159327.46575027527,345925145353.0,345925145353.0,0.4605836490657227,0.4605836490657227
2026-04-14,165030.89074289525,165030.89074289525,381248904758.0,381248904758.0,0.4328691536770436,0.4328691536770436
2026-04-15,162923.60003176625,162923.60003176625,384963031536.0,384963031536.0,0.4232188202116503,0.4232188202116503
2026-04-16,167923.15269106152,167923.15269106152,399188741548.0,399188741548.0,0.42066104379566976,0.42066104379566976
2026-04-17,161045.69081761077,161045.69081761077,407637162074.0,407637162074.0,0.39507117064163916,0.39507117064163916
2026-04-18,141477.27447294674,141477.27447294674,352256854111.0,352256854111.0,0.4016310053923484,0.4016310053923484
2026-04-19,144414.3488256305,144414.3488256305,367883602159.0,367883602159.0,0.3925544601012533,0.3925544601012533
2026-04-20,171520.71645509923,171520.71645509923,457260278786.0,457260278786.0,0.3751052177776669,0.3751052177776669
2026-04-21,165100.77132380876,165100.77132380876,408886737464.0,408886737464.0,0.40378118485279774,0.40378118485279774
2026-04-22,183931.00380173925,183931.00380173925,460955745644.0,460955745644.0,0.39902095925666303,0.39902095925666303
2026-04-23,178510.537640715,178510.537640715,462288962416.0,462288962416.0,0.38614492699066155,0.38614492699066155
2026-04-24,168643.03553807523,168643.03553807523,417835277073.0,417835277073.0,0.40361129084036534,0.40361129084036534
2026-04-25,111993.13550318376,111993.13550318376,375624296995.0,375624296995.0,0.298152000280947,0.298152000280947
2026-04-26,115755.464808554,115755.464808554,400353809307.0,400353809307.0,0.28913291722869605,0.28913291722869605
2026-04-27,131738.24578818824,131738.24578818824,445263633938.0,445263633938.0,0.29586572032184405,0.29586572032184405
2026-04-28,174811.64143521877,174811.64143521877,446217785584.0,446217785584.0,0.3917630517717467,0.3917630517717467
2026-04-29,136128.71764807776,136128.71764807776,424717651649.0,424717651649.0,0.3205157994247407,0.3205157994247407
2026-04-30,164961.88126784377,164961.88126784377,406170759768.0,406170759768.0,0.40613923405532215,0.40613923405532215
2026-05-01,111789.57275849524,111789.57275849524,367085591466.0,367085591466.0,0.3045327175933283,0.3045327175933283
2026-05-02,138088.11986550575,138088.11986550575,347340358409.0,347340358409.0,0.39755852299462513,0.39755852299462513
2026-05-03,138415.5628580025,138415.5628580025,368262655696.0,368262655696.0,0.37586098051784056,0.37586098051784056
2026-05-04,131995.270876982,131995.270876982,441302612965.0,441302612965.0,0.2991037600936449,0.2991037600936449
2026-05-05,175600.27628403276,175600.27628403276,432820307150.0,432820307150.0,0.4057117315966785,0.4057117315966785
2026-05-06,123964.70252544674,123964.70252544674,419115692663.0,419115692663.0,0.2957768098297468,0.2957768098297468
2026-05-07,176384.11295127176,176384.11295127176,410565816235.0,410565816235.0,0.4296122715932904,0.4296122715932904
2026-05-08,160810.77967672725,160810.77967672725,384851245649.0,384851245649.0,0.4178517842797714,0.4178517842797714
2026-05-09,137126.8465771295,137126.8465771295,353749438381.0,353749438381.0,0.3876383442606043,0.3876383442606043
2026-05-10,137849.5545630295,137849.5545630295,360678432509.0,360678432509.0,0.3821951692650481,0.3821951692650481
2026-05-11,129541.77313420674,129541.77313420674,412927807692.0,412927807692.0,0.31371530500273564,0.31371530500273564
2026-05-12,134728.43804091524,134728.43804091524,430557446893.0,430557446893.0,0.3129162879730594,0.3129162879730594
2026-05-13,128482.40410821649,128482.40410821649,436435816021.0,436435816021.0,0.29439014716893513,0.29439014716893513
2026-05-14,136688.70806299173,136688.70806299173,437515213823.0,437515213823.0,0.3124204684646467,0.3124204684646467
2026-05-15,118752.43598566801,118752.43598566801,419455365736.0,419455365736.0,0.28311101892163976,0.28311101892163976
2026-05-16,111681.1339443215,111681.1339443215,397502877374.0,397502877374.0,0.2809567937774792,0.2809567937774792
2026-05-17,102229.03811779775,102229.03811779775,389985655213.0,389985655213.0,0.262135380497426,0.262135380497426
2026-05-18,125237.04029782252,125237.04029782252,443120872164.0,443120872164.0,0.28262500858111694,0.28262500858111694
2026-05-19,132371.714466009,132371.714466009,459151679372.0,459151679372.0,0.2882962655109071,0.2882962655109071
2026-05-20,135061.33305571074,135061.33305571074,465965417848.0,465965417848.0,0.28985269696509613,0.28985269696509613
2026-05-21,147089.43893389226,147089.43893389226,470785109248.0,470785109248.0,0.31243434859025787,0.31243434859025787
2026-05-22,134830.1242160365,134830.1242160365,450011463691.0,450011463691.0,0.2996148656084403,0.2996148656084403
2026-05-23,115262.31252478775,115262.31252478775,377998130316.0,377998130316.0,0.3049282609636995,0.3049282609636995
2026-05-24,111805.61746315475,111805.61746315475,374474717420.0,374474717420.0,0.29856653136280176,0.29856653136280176
2026-05-25,106530.67946632275,106530.67946632275,334380690205.0,334380690205.0,0.3185910029703318,0.3185910029703318
2026-05-26,115369.14777406825,115369.14777406825,338986451328.0,338986451328.0,0.3403355718852556,0.3403355718852556
2026-05-27,111568.8122272575,111568.8122272575,340556052216.0,340556052216.0,0.32760777998593377,0.32760777998593377
2026-05-28,117217.479151612,117217.479151612,345951839308.0,345951839308.0,0.33882600360234993,0.33882600360234993
2026-05-29,112965.19646027274,112965.19646027274,321304291983.0,321304291983.0,0.35158321652998537,0.35158321652998537
2026-05-30,95369.55715968875,95369.55715968875,311497540119.0,311497540119.0,0.3061647200271795,0.3061647200271795
2026-05-31,95957.69864277475,95957.69864277475,308784290078.0,308784290078.0,0.31075965237264985,0.31075965237264985
2026-06-01,130554.63863422575,130554.63863422575,389926750986.0,389926750986.0,0.33481836858870245,0.33481836858870245
2026-06-02,141298.48263213923,141298.48263213923,414838573461.0,414838573461.0,0.34061076204482477,0.34061076204482477
2026-06-03,135180.11542212623,135180.11542212623,412464895951.0,412464895951.0,0.32773726139881093,0.32773726139881093
2026-06-04,120627.83781616625,120627.83781616625,359317730316.0,359317730316.0,0.3357135694642198,0.3357135694642198
2026-06-05,117794.87415009098,117794.87415009098,374010278354.0,374010278354.0,0.31495090099796236,0.31495090099796236
2026-06-06,93994.56037020049,93994.56037020049,279617044186.0,279617044186.0,0.33615461691124854,0.33615461691124854
2026-06-07,86621.71983182125,86621.71983182125,255084192089.0,255084192089.0,0.3395809012014298,0.3395809012014298
2026-06-08,125564.44810675476,125564.44810675476,349856932017.0,349856932017.0,0.3589022729458264,0.3589022729458264
2026-06-09,117419.11553764548,117419.11553764548,332935592234.0,332935592234.0,0.3526781704225807,0.3526781704225807
2026-06-10,123327.7343679025,123327.7343679025,346040359650.0,346040359650.0,0.35639696621700845,0.35639696621700845
2026-06-11,134899.36773974402,134899.36773974402,383599981217.0,383599981217.0,0.3516667735795126,0.3516667735795126
2026-06-12,119476.11401002949,119476.11401002949,379951814199.0,379951814199.0,0.31445070018129667,0.31445070018129667
2026-06-13,99009.12553744149,99009.12553744149,307725646756.0,307725646756.0,0.3217447963183492,0.3217447963183492
2026-06-14,98663.94851195974,98663.94851195974,318115704782.0,318115704782.0,0.31015114006890254,0.31015114006890254
2026-06-15,112946.01750175799,112946.01750175799,339244513341.0,339244513341.0,0.33293395489119526,0.33293395489119526
2026-06-16,124722.30531483749,124722.30531483749,374924861919.0,374924861919.0,0.3326594685571503,0.3326594685571503
2026-06-17,139579.32490432973,139579.32490432973,385970720056.0,385970720056.0,0.36163190017128327,0.36163190017128327
2026-06-18,120241.49122563298,120241.49122563298,347280272651.0,347280272651.0,0.3462376089138524,0.3462376089138524
2026-06-19,103100.181064062,103100.181064062,311398663352.0,311398663352.0,0.3310874232864616,0.3310874232864616
2026-06-20,94604.38979058326,94604.38979058326,309171948361.0,309171948361.0,0.30599279880372543,0.30599279880372543
2026-06-21,106466.06197903823,106466.06197903823,322754809625.0,322754809625.0,0.3298666938619389,0.3298666938619389
2026-06-22,114055.13449647324,114055.13449647324,350570358593.0,350570358593.0,0.3253416374225959,0.3253416374225959
2026-06-23,114644.0588860685,114644.0588860685,341304761409.0,341304761409.0,0.3358993833334943,0.3358993833334943
2026-06-24,109716.02716614249,109716.02716614249,320370347144.0,320370347144.0,0.34246623679196925,0.34246623679196925
2026-06-25,156283.82325849775,156283.82325849775,342344611867.0,342344611867.0,0.45651024681297925,0.45651024681297925
2026-06-26,160896.42435610475,160896.42435610475,357111533635.0,357111533635.0,0.4505495040116943,0.4505495040116943
2026-06-27,79370.55834985025,79370.55834985025,254833589342.0,254833589342.0,0.31146034773041953,0.31146034773041953
2026-06-28,77588.90811294051,77588.90811294051,272380344490.0,272380344490.0,0.2848550186622922,0.2848550186622922
2026-06-29,109228.23362691101,109228.23362691101,326517407120.0,326517407120.0,0.33452499390566337,0.33452499390566337
2026-06-30,110558.974606775,110558.974606775,332685640457.0,332685640457.0,0.33232265286503965,0.33232265286503965
2026-07-01,165652.691279933,165652.691279933,355145708556.0,355145708556.0,0.4664358523532957,0.4664358523532957
2026-07-02,120997.88239579325,120997.88239579325,352276585277.0,352276585277.0,0.3434740980603378,0.3434740980603378
2026-07-03,120206.23485039498,120206.23485039498,382553938546.0,382553938546.0,0.3142203562385774,0.3142203562385774
2026-07-04,94649.35872866726,94649.35872866726,304585484471.0,304585484471.0,0.31074809389900176,0.31074809389900176
2026-07-05,96011.56994545776,96011.56994545776,333161360748.0,333161360748.0,0.28818338876362065,0.28818338876362065
2026-07-06,118078.48284049799,118078.48284049799,380696269741.0,380696269741.0,0.3101645385725229,0.3101645385725229
2026-07-07,113302.01076918948,113302.01076918948,359596332441.0,359596332441.0,0.3150811077523414,0.3150811077523414
2026-07-08,122235.03548224224,122235.03548224224,404462163123.0,404462163123.0,0.3022162432659236,0.3022162432659236
2026-07-09,109826.6280616445,109826.6280616445,356738881956.0,356738881956.0,0.30786279157311053,0.30786279157311053
2026-07-10,107528.6235208485,107528.6235208485,346348830899.0,346348830899.0,0.31046336504656863,0.31046336504656863
2026-07-11,98685.74599809374,98685.74599809374,306788687474.0,306788687474.0,0.3216733537688128,0.3216733537688128
2026-07-12,78114.8280738185,78114.8280738185,256447426996.0,256447426996.0,0.3046036725298746,0.3046036725298746
2026-07-13,107252.80907393199,107252.80907393199,344322157451.0,344322157451.0,0.31148971029898065,0.31148971029898065
2026-07-14,112996.99173818048,112996.99173818048,381261705780.0,381261705780.0,0.29637645225084136,0.29637645225084136
2026-07-15,110655.30807818798,110655.30807818798,380340035356.0,380340035356.0,0.2909378392800908,0.2909378392800908
2026-07-16,113740.43202047399,113740.43202047399,373096532303.0,373096532303.0,0.3048552376469231,0.3048552376469231
2026-07-17,112143.2947370265,112143.2947370265,323445728681.0,323445728681.0,0.3467144092282276,0.3467144092282276
2026-07-18,87618.78748711274,87618.78748711274,286545708307.0,286545708307.0,0.30577595457559437,0.30577595457559437
2026-07-19,88140.95424920748,88140.95424920748,291137764852.0,291137764852.0,0.30274655125560224,0.30274655125560224
2026-07-20,105918.50212902499,105918.50212902499,321507957846.0,321507957846.0,0.3294428630589579,0.3294428630589579
2026-07-21,109324.34334960474,109324.34334960474,340859610228.0,340859610228.0,0.32073129250038745,0.32073129250038745
