timestamp_utc,vast_machines,vast_gpus,vast_gpus_under_cap,vast_min_price,vast_median_price,lambda_regions,runpod_stock
2026-07-17 02:19:30,37,98,98,1.05,2.149,1,Low
2026-07-17 02:20:14,39,101,101,1.05,2.169,1,Low
2026-07-17 02:29:09,38,100,100,1.05,2.152,1,Low
2026-07-17 02:30:19,37,98,98,1.05,2.134,1,Low
2026-07-17 02:40:16,36,104,100,1.05,2.093,3,Low
2026-07-17 02:50:14,35,100,96,1.05,2.134,2,Low
2026-07-17 03:00:21,34,106,102,1.05,2.152,2,Low
2026-07-17 03:10:14,35,104,100,1.05,2.149,2,Low
2026-07-17 03:20:15,36,100,96,1.05,2.175,2,Low
2026-07-17 03:30:18,37,101,97,1.05,2.169,3,Low
2026-07-17 03:40:11,36,115,111,1.602,2.175,4,Low
2026-07-17 03:50:13,35,114,110,1.602,2.201,4,Low
2026-07-17 04:00:17,34,106,102,1.05,2.175,4,Low
2026-07-17 04:10:19,36,110,106,1.05,2.185,4,Low
2026-07-17 04:20:12,36,101,97,1.602,2.142,3,Low
2026-07-17 04:30:14,39,100,100,1.602,2.134,2,Low
2026-07-17 04:40:13,36,103,99,1.602,2.159,3,Low
2026-07-17 04:50:13,36,94,94,1.602,2.12,3,Low
2026-07-17 05:00:19,38,102,98,1.602,2.201,3,Low
2026-07-17 05:10:16,39,103,99,1.602,2.149,4,Low
2026-07-17 05:20:13,35,102,98,1.469,2.201,4,Low
2026-07-17 05:30:16,36,107,103,1.602,2.181,3,Low
2026-07-17 05:40:16,37,98,98,1.602,2.134,3,Low
2026-07-17 05:50:14,35,95,95,1.335,2.0,3,Low
2026-07-17 06:00:19,38,95,95,1.469,2.001,3,Low
2026-07-17 06:10:15,37,85,85,1.469,2.134,3,Low
2026-07-17 06:20:15,39,85,85,1.469,2.169,4,Low
2026-07-17 06:30:15,38,100,100,1.469,2.2,4,Low
2026-07-17 06:40:16,36,101,97,1.469,2.201,4,Low
2026-07-17 06:50:15,38,92,92,1.317,2.181,4,Low
2026-07-17 07:00:20,38,101,97,1.317,2.2,3,Low
2026-07-17 07:10:13,38,104,100,1.317,2.152,4,Low
2026-07-17 07:20:15,38,98,98,1.317,2.2,3,Low
2026-07-17 07:30:16,39,97,97,1.317,2.134,3,Low
2026-07-17 07:31:02,38,96,96,1.317,2.185,3,Low
2026-07-17 07:40:16,38,97,97,1.317,2.026,3,Low
2026-07-17 07:50:14,39,97,97,1.317,2.134,3,Low
2026-07-17 08:00:18,37,104,100,1.317,2.134,3,Low
2026-07-17 08:10:12,37,99,95,1.317,2.149,2,Low
2026-07-17 08:20:14,36,98,98,1.317,2.142,2,Low
2026-07-17 08:30:21,37,98,98,1.317,2.134,2,Low
2026-07-17 08:40:14,37,97,96,1.317,2.134,2,Low
2026-07-17 08:50:14,35,94,94,1.312,2.002,2,Low
2026-07-17 09:00:19,37,94,94,1.312,2.004,2,Low
2026-07-17 09:10:13,36,89,89,1.312,2.069,3,Low
2026-07-17 09:20:13,35,89,89,1.312,2.039,2,Low
2026-07-17 09:30:15,33,88,88,1.312,2.013,4,Low
2026-07-17 09:40:14,32,94,94,1.312,2.007,3,Low
2026-07-17 09:50:12,33,95,95,1.312,2.01,3,Low
2026-07-17 10:00:20,36,101,101,1.312,2.006,3,Low
2026-07-17 10:10:13,35,103,99,1.312,2.149,4,Low
2026-07-17 10:20:13,36,100,95,1.312,2.142,4,Low
2026-07-17 10:30:17,36,86,86,1.312,2.166,4,Low
2026-07-17 10:33:50,33,81,81,1.312,2.149,4,Low
2026-07-17 10:40:12,35,86,86,1.312,2.197,4,Low
2026-07-17 10:50:14,34,84,83,1.312,2.2,3,Low
2026-07-17 11:00:18,35,79,79,1.312,2.2,3,Low
2026-07-17 11:10:14,36,80,80,1.312,2.2,3,Low
2026-07-17 11:20:14,35,85,85,1.312,2.201,4,Low
2026-07-17 11:30:14,35,82,82,1.312,2.201,3,Low
2026-07-17 11:40:14,34,81,81,1.312,2.199,3,Low
2026-07-17 11:50:17,33,86,86,1.312,2.197,3,Low
2026-07-17 12:00:04,34,94,94,1.312,2.165,3,Low
2026-07-17 12:10:14,35,101,97,1.312,2.134,3,Low
2026-07-17 12:20:12,34,100,96,1.312,2.173,2,Low
2026-07-17 12:30:21,30,96,92,1.312,2.16,3,Low
2026-07-17 12:40:14,32,98,94,1.312,2.073,4,Low
2026-07-17 12:50:12,35,99,95,1.312,2.013,3,Low
2026-07-17 13:00:22,35,98,98,1.312,2.01,4,Low
2026-07-17 13:10:13,36,93,93,1.312,2.001,4,Low
2026-07-17 13:20:14,36,85,85,1.312,2.057,3,Low
2026-07-17 13:30:16,35,87,87,1.312,2.101,4,Low
2026-07-17 13:40:15,33,100,96,1.312,2.012,3,Low
2026-07-17 13:50:16,30,93,89,1.312,2.007,4,Low
2026-07-17 14:00:24,36,95,91,1.312,2.077,3,Low
2026-07-17 14:10:14,37,87,87,1.312,2.018,3,Low
2026-07-17 14:20:15,35,85,85,1.312,2.018,3,Low
2026-07-17 14:30:19,32,88,84,1.312,2.007,3,Low
2026-07-17 14:40:16,32,81,81,1.312,2.009,3,Low
2026-07-17 14:50:12,34,82,82,1.312,2.011,4,Low
2026-07-17 15:00:29,34,87,83,1.312,2.007,3,Low
2026-07-17 15:10:18,31,83,79,1.312,2.013,4,Low
2026-07-17 15:20:25,33,95,91,1.312,2.012,4,Low
2026-07-17 15:30:16,33,98,94,1.312,2.134,4,Low
2026-07-17 15:40:13,34,99,94,1.312,2.065,4,Low
2026-07-17 15:50:16,33,99,94,1.312,2.013,4,Low
2026-07-17 16:00:24,34,100,96,1.312,2.008,4,Low
2026-07-17 16:10:18,31,97,93,1.312,2.012,4,Low
2026-07-17 16:20:16,32,90,86,1.312,2.009,4,Low
2026-07-17 16:30:15,32,88,84,1.312,2.008,3,Low
2026-07-17 16:38:23,32,88,84,1.312,2.003,3,Low
2026-07-17 16:40:15,32,88,84,1.312,2.003,3,Low
2026-07-17 16:50:16,33,88,83,1.312,2.004,2,Low
2026-07-17 17:00:20,34,90,85,1.312,2.001,3,Low
2026-07-17 17:10:16,30,86,82,1.312,2.005,3,Low
2026-07-17 17:20:17,29,93,88,1.312,2.001,3,Low
2026-07-17 17:30:15,31,95,91,1.312,2.001,2,Low
2026-07-17 17:40:14,33,97,93,1.312,2.001,2,Low
2026-07-17 17:50:16,32,97,93,1.312,2.001,3,Low
2026-07-17 18:00:18,36,101,96,1.312,2.002,3,Low
2026-07-17 18:10:13,38,103,99,1.312,2.01,2,Low
2026-07-17 18:20:13,38,101,97,1.312,2.01,2,Low
2026-07-17 18:30:20,36,96,96,1.312,2.01,3,Low
2026-07-17 18:40:17,35,102,98,1.312,2.009,2,Low
2026-07-17 18:50:16,34,98,94,1.312,2.005,3,Low
2026-07-17 19:00:21,36,90,90,1.312,2.007,3,Low
2026-07-17 19:10:14,34,89,89,1.312,2.001,2,Low
2026-07-17 19:20:15,32,101,97,1.312,2.005,2,Low
2026-07-17 19:30:15,33,99,95,1.312,2.009,2,Low
2026-07-17 19:40:16,33,102,98,1.312,2.009,2,Low
2026-07-17 19:50:17,33,95,95,1.312,2.004,2,Low
2026-07-17 20:00:20,32,105,101,1.312,2.038,2,Low
2026-07-17 20:10:16,34,100,100,1.312,2.01,3,Low
2026-07-17 20:15:01,32,96,92,1.312,2.038,2,Low
2026-07-17 20:20:15,35,101,101,1.312,2.012,2,Low
2026-07-17 20:31:37,32,95,95,1.312,2.01,2,Low
2026-07-17 20:40:13,34,96,96,1.312,2.006,2,Low
2026-07-17 20:50:12,36,100,100,1.312,2.003,2,Low
2026-07-17 21:00:18,34,101,101,1.312,2.007,1,Low
2026-07-17 21:10:14,34,100,100,1.312,2.01,2,Low
2026-07-17 21:20:13,40,102,102,1.312,2.01,3,Low
2026-07-17 21:30:15,37,99,99,1.312,2.009,1,Low
2026-07-17 21:40:14,38,98,98,1.312,2.012,2,Low
2026-07-17 21:50:16,37,95,95,1.312,2.009,3,Low
2026-07-17 22:00:21,34,93,93,1.312,2.01,3,Low
2026-07-17 22:10:14,38,97,97,1.312,2.042,4,Low
2026-07-17 22:20:18,37,96,96,1.312,2.013,4,Low
2026-07-17 22:30:15,37,94,94,1.312,2.012,4,Low
2026-07-17 22:40:15,37,95,94,1.312,2.021,4,Low
2026-07-17 22:50:17,38,97,97,1.312,2.016,4,Low
2026-07-17 23:00:22,38,98,98,1.312,2.016,4,Low
2026-07-17 23:10:16,38,97,97,1.312,2.017,1,Low
2026-07-17 23:12:33,39,98,98,1.312,2.012,0,Low
2026-07-17 23:20:15,36,94,94,1.312,2.042,1,Low
2026-07-17 23:30:17,34,91,91,1.312,2.083,0,Low
2026-07-17 23:40:14,35,93,93,1.312,2.021,2,Low
2026-07-17 23:50:15,34,88,88,1.312,2.016,0,Low
2026-07-18 00:00:20,31,85,85,1.312,2.064,0,Low
2026-07-18 00:10:16,33,89,89,1.312,2.021,0,Low
2026-07-18 00:20:13,34,90,90,1.312,2.012,0,Low
2026-07-18 00:30:17,31,87,87,1.312,2.021,0,Low
2026-07-18 00:40:16,32,88,88,1.312,2.017,0,Low
2026-07-18 00:50:13,32,89,89,1.312,2.042,0,Low
2026-07-18 01:00:21,31,85,85,1.312,2.012,0,Low
2026-07-18 01:10:12,30,85,85,1.312,2.007,0,Low
2026-07-18 01:20:13,28,90,90,1.312,2.005,0,Low
2026-07-18 01:30:13,29,87,87,1.312,2.011,0,Low
2026-07-18 01:40:13,32,91,86,1.312,2.01,0,Low
2026-07-18 01:50:12,31,90,86,1.312,2.001,0,Low
2026-07-18 02:00:23,34,93,88,1.312,2.011,0,Low
2026-07-18 02:10:14,32,91,87,1.312,2.012,4,Low
2026-07-18 02:20:11,33,92,88,1.312,2.009,4,Low
2026-07-18 02:30:13,32,90,86,1.312,2.005,4,Low
2026-07-18 02:40:12,33,93,88,1.312,2.004,4,Low
2026-07-18 02:50:12,34,97,93,1.312,2.007,4,Low
2026-07-18 03:00:16,33,97,93,1.312,2.009,4,Low
2026-07-18 03:10:13,34,98,94,1.312,2.01,4,Low
2026-07-18 03:20:13,35,98,93,1.312,2.012,4,Low
2026-07-18 03:30:16,34,97,93,1.312,2.069,3,Low
2026-07-18 03:40:14,36,99,95,1.312,2.062,4,Low
2026-07-18 03:50:15,34,97,93,1.312,2.167,4,Low
2026-07-18 04:00:18,36,99,95,1.312,2.073,3,Low
2026-07-18 04:10:12,36,97,92,1.312,2.073,3,Low
2026-07-18 04:20:12,37,108,104,1.312,2.012,4,Low
2026-07-18 04:30:15,35,105,101,1.312,2.134,3,Low
2026-07-18 04:40:14,36,106,102,1.312,2.167,3,Low
2026-07-18 04:50:13,36,105,105,1.312,2.017,3,Low
2026-07-18 05:00:23,37,100,100,1.312,2.134,3,Low
2026-07-18 05:12:07,35,98,98,1.312,2.113,4,Low
2026-07-18 05:20:16,33,93,93,1.312,2.009,4,Low
2026-07-18 05:30:14,33,93,93,1.312,2.002,4,Low
2026-07-18 05:40:58,31,90,86,1.312,2.002,4,Low
2026-07-18 05:50:13,34,93,89,1.312,2.01,4,Low
2026-07-18 06:00:18,35,95,91,1.312,2.009,4,Low
2026-07-18 06:10:14,30,82,77,1.312,2.012,4,Low
2026-07-18 06:20:11,31,88,84,1.312,2.012,4,Low
2026-07-18 06:30:17,32,90,86,1.312,2.032,4,Low
2026-07-18 06:31:58,32,90,85,1.312,2.032,4,Low
2026-07-18 06:40:11,32,88,83,1.312,2.032,4,Low
2026-07-18 06:50:14,29,84,79,1.312,2.086,4,Low
2026-07-18 07:00:17,31,81,76,1.312,2.012,4,Low
2026-07-18 07:10:10,28,81,75,1.312,2.044,4,Low
2026-07-18 07:20:12,27,79,73,1.312,2.086,4,Low
2026-07-18 07:30:17,28,83,77,1.312,2.044,4,Low
2026-07-18 07:40:12,28,83,77,1.312,2.042,4,Low
2026-07-18 07:50:14,28,83,77,1.312,2.042,3,Low
2026-07-18 08:00:16,28,87,81,1.312,2.042,3,Low
2026-07-18 08:10:12,28,87,81,1.312,2.103,3,Low
2026-07-18 08:20:11,26,85,79,1.312,2.042,3,Low
2026-07-18 08:31:33,26,85,79,1.312,2.073,3,Low
2026-07-18 08:40:10,28,85,79,1.312,2.073,2,Low
2026-07-18 08:50:11,28,86,80,1.312,2.073,2,Low
2026-07-18 09:00:20,26,81,75,1.312,2.167,2,Low
2026-07-18 09:10:15,31,89,83,1.312,2.012,1,Low
2026-07-18 09:20:13,28,85,79,1.312,2.167,0,Low
2026-07-18 09:30:17,30,88,82,1.312,2.073,2,Low
2026-07-18 09:41:39,26,81,74,1.312,2.123,2,Low
2026-07-18 09:50:14,27,81,74,1.312,2.134,4,Low
2026-07-18 10:00:16,29,92,85,1.312,2.136,4,Low
2026-07-18 10:10:12,29,88,82,1.312,2.134,4,Low
2026-07-18 10:21:56,32,90,83,1.312,2.125,3,Low
2026-07-18 10:30:15,33,96,91,1.312,2.112,3,Low
2026-07-18 10:41:54,33,94,89,1.312,2.117,3,Low
2026-07-18 10:48:53,31,88,83,1.312,2.013,3,Low
2026-07-18 10:50:11,32,89,84,1.312,2.009,3,Low
2026-07-18 11:02:01,30,90,84,1.312,2.003,3,Low
2026-07-18 11:10:15,29,91,84,1.312,2.013,3,Low
2026-07-18 11:20:13,29,85,79,1.312,2.001,3,Low
2026-07-18 11:30:16,30,86,79,1.312,2.003,4,Low
2026-07-18 11:40:13,32,88,82,1.312,2.001,4,Low
2026-07-18 11:50:14,31,88,81,1.312,2.001,1,Low
2026-07-18 12:00:19,30,83,77,1.312,2.001,3,Low
2026-07-18 12:10:11,28,79,73,1.312,2.001,1,Low
2026-07-18 12:20:16,28,79,73,1.312,2.001,1,Low
2026-07-18 12:32:32,31,84,78,1.312,2.004,1,Low
2026-07-18 12:40:13,34,87,83,1.312,2.002,2,Low
2026-07-18 12:50:15,36,89,85,1.312,2.009,1,Low
2026-07-18 13:00:19,35,95,91,1.312,2.166,2,Low
2026-07-18 13:10:15,34,92,88,1.312,2.183,0,Low
2026-07-18 13:20:15,37,102,98,1.312,2.166,1,Low
2026-07-18 13:30:18,35,99,95,1.312,2.001,1,Low
2026-07-18 13:40:18,35,102,98,1.312,2.001,1,Low
2026-07-18 13:50:14,37,105,101,1.312,2.0,1,Low
2026-07-18 14:00:22,36,98,94,1.312,2.003,1,Low
2026-07-18 14:10:12,35,97,93,1.317,2.028,1,Low
2026-07-18 14:20:12,37,99,95,1.317,2.2,1,Low
2026-07-18 14:30:15,36,97,93,1.317,2.185,1,Low
2026-07-18 14:36:55,39,100,96,1.317,2.004,2,Low
2026-07-18 14:41:10,40,102,98,1.317,2.003,1,Low
2026-07-18 14:50:12,34,96,92,1.601,2.201,1,Low
2026-07-18 15:00:18,35,102,98,1.601,2.2,1,Low
2026-07-18 15:10:13,36,109,105,1.601,2.185,1,Low
2026-07-18 15:20:11,34,98,98,1.601,2.202,1,Low
2026-07-18 15:31:49,33,96,96,1.601,2.136,1,Low
2026-07-18 15:40:12,32,97,97,1.312,2.07,1,Low
2026-07-18 15:50:13,32,89,89,1.312,2.07,2,Low
2026-07-18 16:00:16,34,100,100,1.312,2.001,2,Low
2026-07-18 16:10:11,35,100,100,1.312,2.004,0,Low
2026-07-18 16:20:15,34,105,105,1.312,2.191,0,Low
2026-07-18 16:30:14,33,104,104,1.312,2.181,1,Low
2026-07-18 16:40:11,33,100,100,1.312,2.201,0,Low
2026-07-18 16:50:13,34,105,105,1.312,2.201,2,Low
2026-07-18 17:00:14,36,106,106,1.312,2.191,1,Low
2026-07-18 17:10:12,37,108,108,1.312,2.181,1,Low
2026-07-18 17:20:13,35,107,106,1.312,2.201,1,Low
2026-07-18 17:31:51,31,100,100,1.312,2.17,1,Low
2026-07-18 17:40:12,33,97,97,1.312,2.201,2,Low
2026-07-18 17:43:28,33,98,98,1.312,2.001,2,Low
2026-07-18 17:50:11,35,100,100,1.312,2.181,1,Low
2026-07-18 18:00:19,35,96,96,1.312,2.136,1,Low
2026-07-18 18:10:15,37,90,89,1.312,2.001,2,Low
2026-07-18 18:20:16,35,90,90,1.312,2.001,2,Low
2026-07-18 18:31:57,34,89,89,1.312,2.007,2,Low
2026-07-18 18:40:15,35,92,92,1.312,2.002,2,Low
2026-07-18 18:50:11,32,91,91,1.312,2.075,2,Low
2026-07-18 19:00:15,34,91,91,1.312,2.007,3,Low
2026-07-18 19:10:11,33,89,89,1.312,2.013,3,Low
2026-07-18 19:20:13,34,90,90,1.312,2.002,2,Low
2026-07-18 19:30:13,33,88,88,1.312,2.012,2,Low
2026-07-18 19:40:13,36,96,96,1.312,2.013,2,Low
2026-07-18 19:50:11,33,91,91,1.312,2.001,4,Low
2026-07-18 20:01:47,34,91,91,1.312,2.001,2,Low
2026-07-18 20:10:14,31,89,89,1.312,1.989,3,Low
2026-07-18 20:20:14,29,79,78,1.312,1.989,2,Low
2026-07-18 20:27:21,30,80,80,1.312,1.994,3,Low
2026-07-18 20:31:50,31,82,82,1.312,1.989,3,Low
2026-07-18 20:40:13,32,93,93,1.312,2.001,1,Low
2026-07-18 20:51:48,34,95,95,1.312,2.012,1,Low
2026-07-18 21:00:24,35,95,94,1.312,2.004,2,Low
2026-07-18 21:10:14,34,95,95,1.312,2.006,0,Low
2026-07-18 21:20:13,35,94,94,1.312,2.001,1,Low
2026-07-18 21:31:43,35,94,94,1.317,2.004,3,Low
2026-07-18 21:40:16,33,91,91,1.312,2.001,1,Low
2026-07-18 21:50:13,33,94,94,1.312,2.004,1,Low
2026-07-18 22:00:19,34,92,92,1.312,2.008,2,Low
2026-07-18 22:10:13,34,94,94,1.312,2.003,1,Low
2026-07-18 22:20:11,33,91,90,1.312,2.013,2,Low
2026-07-18 22:31:44,34,95,94,1.317,2.001,2,Low
2026-07-18 22:41:33,32,92,91,1.317,2.001,2,Low
2026-07-18 22:50:16,34,95,95,1.317,2.001,2,Low
2026-07-18 23:00:17,33,95,94,1.312,2.001,1,Low
2026-07-18 23:11:42,31,91,91,1.312,2.001,1,Low
2026-07-18 23:20:48,28,79,78,1.312,2.001,1,Low
2026-07-18 23:31:56,31,91,90,1.312,2.001,3,Low
2026-07-18 23:36:43,30,89,88,1.312,2.007,4,Low
2026-07-18 23:40:15,29,80,79,1.312,2.001,4,Low
2026-07-18 23:50:13,33,93,92,1.312,2.001,4,Low
2026-07-19 00:00:20,34,93,93,1.312,2.001,4,Low
2026-07-19 00:10:12,32,90,90,1.312,2.003,3,Low
2026-07-19 00:20:12,34,91,91,1.312,2.001,2,Low
2026-07-19 00:30:20,33,83,83,1.312,2.001,3,Low
2026-07-19 00:40:13,32,83,82,1.312,2.001,3,Low
2026-07-19 00:50:14,28,84,83,1.312,2.001,1,Low
2026-07-19 01:02:01,31,85,84,1.312,2.001,2,Low
2026-07-19 01:10:15,31,86,85,1.312,2.001,1,Low
2026-07-19 01:20:17,31,83,82,1.312,2.001,3,Low
2026-07-19 01:30:14,32,85,84,1.312,2.001,1,Low
2026-07-19 01:40:11,31,83,82,1.312,2.001,0,Low
2026-07-19 01:50:14,31,84,83,1.312,2.001,1,Low
2026-07-19 02:00:20,30,83,82,1.312,2.001,1,Low
2026-07-19 02:10:17,30,83,82,1.312,2.002,1,Low
2026-07-19 02:20:11,28,79,78,1.312,2.013,1,Low
2026-07-19 02:30:16,26,76,76,1.312,2.091,2,Low
2026-07-19 02:40:12,27,75,74,1.312,2.18,3,Low
2026-07-19 02:50:11,27,76,75,1.312,2.201,3,Low
2026-07-19 03:00:20,29,80,80,1.312,2.201,3,Low
2026-07-19 03:11:39,31,82,82,1.312,2.201,3,Low
2026-07-19 03:21:15,32,83,83,1.312,2.201,3,Low
2026-07-19 03:30:14,33,84,84,1.312,2.201,3,Low
2026-07-19 03:40:13,30,79,79,1.312,2.201,4,Low
2026-07-19 03:50:13,32,75,75,1.312,2.201,2,Low
2026-07-19 04:02:23,28,70,70,1.312,2.035,1,Low
2026-07-19 04:10:15,30,71,71,1.312,2.003,2,Low
2026-07-19 04:22:40,31,79,79,1.312,2.068,3,Low
2026-07-19 04:30:18,31,79,79,1.312,2.004,2,Low
2026-07-19 04:40:13,33,82,81,1.312,2.068,3,Low
2026-07-19 04:50:13,30,79,79,1.312,2.007,4,Low
2026-07-19 05:02:06,31,85,85,1.312,2.013,2,Low
2026-07-19 05:10:20,31,87,87,1.312,2.013,2,Low
2026-07-19 05:23:54,25,78,77,1.312,2.001,4,Low
2026-07-19 05:33:47,26,80,79,1.614,2.003,4,Low
2026-07-19 05:42:21,21,61,60,1.654,2.004,4,Low
2026-07-19 05:50:11,22,67,66,1.656,2.007,4,Low
2026-07-19 06:00:22,20,65,64,1.656,2.007,4,Low
2026-07-19 06:11:43,21,67,66,1.312,2.0,4,Low
2026-07-19 06:20:13,24,72,72,1.317,2.0,4,Low
2026-07-19 06:30:16,24,72,72,1.317,2.0,4,Low
2026-07-19 06:40:11,29,84,84,1.317,2.0,4,Low
2026-07-19 06:50:15,29,86,85,1.312,2.0,4,Low
2026-07-19 07:00:15,29,86,86,1.312,2.001,4,Low
2026-07-19 07:10:13,27,75,75,1.312,2.0,4,Low
2026-07-19 07:20:14,29,76,75,1.312,2.001,4,Low
2026-07-19 07:30:16,30,78,78,1.312,2.001,4,Low
2026-07-19 07:41:29,28,76,76,1.312,2.001,3,Low
2026-07-19 07:48:34,29,76,76,1.312,2.001,4,Low
2026-07-19 07:50:13,28,69,69,1.312,2.001,4,Low
2026-07-19 08:02:17,31,76,75,1.312,2.001,4,Low
2026-07-19 08:10:13,30,74,74,1.312,2.001,4,Low
2026-07-19 08:20:15,32,74,74,1.312,2.001,4,Low
2026-07-19 08:30:12,31,74,74,1.312,2.001,4,Low
2026-07-19 08:40:13,36,80,80,1.312,2.004,4,Low
2026-07-19 08:50:13,35,79,79,1.312,2.011,4,Low
2026-07-19 09:00:19,37,80,80,1.312,2.001,4,Low
2026-07-19 09:10:14,38,79,79,1.317,2.013,4,Low
2026-07-19 09:20:11,35,75,75,1.317,2.004,4,Low
2026-07-19 09:30:15,36,77,77,1.317,2.009,3,Low
2026-07-19 09:42:09,35,80,79,1.317,2.012,3,Low
2026-07-19 09:50:13,35,78,78,1.317,2.013,3,Low
2026-07-19 10:02:03,35,75,75,1.317,2.004,3,Low
2026-07-19 10:10:16,35,74,73,1.317,2.004,4,Low
2026-07-19 10:20:11,37,82,82,1.317,2.013,4,Low
2026-07-19 10:30:15,35,80,80,1.317,2.012,1,Low
2026-07-19 10:40:11,34,77,77,1.317,2.007,1,Low
2026-07-19 10:50:13,35,76,76,1.317,2.007,1,Low
2026-07-19 11:00:19,36,73,73,1.317,2.011,3,Low
2026-07-19 11:10:14,36,73,73,1.317,2.006,1,Low
2026-07-19 11:20:19,35,72,72,1.317,2.001,2,Low
2026-07-19 11:30:15,34,71,71,1.317,2.012,3,Low
2026-07-19 11:39:20,37,72,72,1.317,2.007,3,Low
2026-07-19 11:40:12,37,72,72,1.317,2.004,3,Low
2026-07-19 11:50:11,36,79,79,1.317,2.003,2,Low
2026-07-19 12:00:20,38,81,81,1.317,2.003,2,Low
2026-07-19 12:10:12,33,76,76,1.317,2.002,2,Low
2026-07-19 12:20:11,32,77,77,1.317,2.003,2,Low
2026-07-19 12:31:48,31,78,78,1.317,2.001,2,Low
2026-07-19 12:40:14,29,75,75,1.317,2.0,1,Low
2026-07-19 12:50:13,32,80,80,1.317,2.0,1,Low
2026-07-19 13:00:20,35,82,81,1.317,2.001,2,Low
2026-07-19 13:10:14,33,80,79,1.317,2.001,2,Low
2026-07-19 13:20:15,33,86,85,1.317,2.0,1,Low
2026-07-19 13:30:15,33,84,83,1.317,2.0,2,Low
2026-07-19 13:40:14,34,85,84,1.317,2.001,2,Low
2026-07-19 13:50:14,35,88,88,1.317,2.002,2,Low
2026-07-19 14:02:03,34,90,90,1.312,2.003,1,Low
2026-07-19 14:11:29,33,89,89,1.312,2.001,1,Low
2026-07-19 14:20:11,34,91,91,1.312,2.003,3,Low
2026-07-19 14:30:14,31,86,86,1.312,2.011,3,Low
2026-07-19 14:40:12,33,88,88,1.312,2.002,3,Low
2026-07-19 14:44:33,32,86,86,1.312,2.002,3,Low
2026-07-19 14:50:13,33,87,87,1.312,2.002,2,Low
2026-07-19 15:00:16,32,86,86,1.312,2.007,2,Low
2026-07-19 15:10:15,31,84,84,1.312,2.002,1,Low
2026-07-19 15:20:13,31,82,82,1.317,2.004,0,Low
2026-07-19 15:31:49,32,90,90,1.317,2.006,2,Low
2026-07-19 15:40:13,31,90,90,1.312,2.007,2,Low
2026-07-19 15:50:15,32,84,84,1.312,2.003,0,Low
2026-07-19 16:00:19,35,94,94,1.312,2.004,1,Low
2026-07-19 16:10:16,38,96,96,1.317,2.003,0,Low
2026-07-19 16:20:14,36,94,94,1.317,2.003,1,Low
2026-07-19 16:30:13,31,81,81,1.317,2.007,0,Low
2026-07-19 16:40:12,33,83,83,1.317,2.004,2,Low
2026-07-19 16:50:13,35,87,87,1.312,2.001,1,Low
2026-07-19 17:00:15,34,84,83,1.312,2.001,2,Low
2026-07-19 17:10:11,33,83,83,1.312,2.0,2,Low
2026-07-19 17:20:12,35,85,85,1.312,2.0,2,Low
2026-07-19 17:30:14,36,86,86,1.312,1.994,2,Low
2026-07-19 17:40:12,33,83,83,1.312,2.001,2,Low
2026-07-19 17:50:13,35,85,85,1.335,2.001,1,Low
2026-07-19 18:00:17,31,80,80,1.335,2.001,1,Low
2026-07-19 18:06:59,34,83,83,1.335,2.001,1,Low
2026-07-19 18:10:13,32,81,79,1.335,2.001,1,Low
2026-07-19 18:20:13,34,83,83,1.335,2.001,2,Low
2026-07-19 18:31:53,35,87,87,1.335,2.004,2,Low
2026-07-19 18:40:15,33,82,82,1.335,2.012,2,Low
2026-07-19 18:50:26,35,86,86,1.335,2.007,1,Low
2026-07-19 18:54:08,36,87,87,1.335,2.012,1,Low
2026-07-19 19:00:20,35,85,85,1.335,2.012,1,Low
2026-07-19 19:10:14,34,85,85,1.335,2.001,2,Low
2026-07-19 19:20:14,34,78,78,1.335,2.001,2,Low
2026-07-19 19:30:17,29,69,68,1.335,2.0,2,Low
2026-07-19 19:40:14,29,66,66,1.454,2.001,2,Low
2026-07-19 19:50:21,31,71,70,1.335,2.001,3,Low
2026-07-19 20:00:19,31,71,70,1.335,1.989,4,Low
2026-07-19 20:10:16,30,73,72,1.335,1.994,4,Low
2026-07-19 20:20:11,32,78,77,1.335,1.995,4,Low
2026-07-19 20:30:13,29,74,73,1.335,2.0,4,Low
2026-07-19 20:34:06,30,75,74,1.335,2.001,3,Low
2026-07-19 20:41:44,29,72,71,1.335,1.989,3,Low
2026-07-19 20:50:14,28,73,72,1.335,2.001,3,Low
2026-07-19 21:01:53,26,71,70,1.335,1.994,4,Low
2026-07-19 21:10:13,26,71,71,1.335,1.988,4,Low
2026-07-19 21:20:13,24,69,69,1.335,1.988,4,Low
2026-07-19 21:31:53,23,63,63,1.335,2.0,3,Low
2026-07-19 21:40:12,26,68,68,1.335,1.988,2,Low
2026-07-19 21:50:11,24,67,67,1.335,1.988,0,Low
2026-07-19 22:00:15,25,68,68,1.335,1.988,0,Low
2026-07-19 22:10:12,24,67,67,1.335,1.961,1,Low
2026-07-19 22:20:15,25,70,70,1.335,2.0,3,Low
2026-07-19 22:30:15,24,69,69,1.335,1.988,4,Low
2026-07-19 22:40:37,26,71,71,1.335,1.961,4,Low
2026-07-19 22:50:10,25,68,67,1.335,1.989,3,Low
2026-07-19 23:01:53,27,70,70,1.335,1.988,3,Low
2026-07-19 23:10:12,27,70,70,1.335,2.0,3,Low
2026-07-19 23:20:16,25,68,68,1.335,1.988,3,Low
2026-07-19 23:30:19,24,65,64,1.335,1.994,3,Low
2026-07-19 23:40:12,24,67,67,1.335,1.988,3,Low
2026-07-19 23:42:16,25,68,68,1.335,1.988,3,Low
2026-07-19 23:50:13,24,68,68,1.335,1.988,4,Low
2026-07-20 00:00:19,24,66,65,1.335,1.995,4,Low
2026-07-20 01:10:19,24,69,69,1.335,1.988,4,Low
2026-07-20 01:30:16,25,68,68,1.069,2.0,4,Low
2026-07-20 01:40:22,27,70,70,1.069,2.0,3,Low
2026-07-20 01:50:17,29,74,73,1.069,2.0,3,Low
2026-07-20 02:00:23,30,76,75,1.069,1.995,3,Low
2026-07-20 02:08:49,32,79,78,1.069,2.001,3,Low
2026-07-20 02:10:15,30,77,76,1.069,2.004,3,Low
2026-07-20 02:20:12,32,79,78,1.069,2.001,4,Low
2026-07-20 02:30:13,32,78,77,1.069,1.995,3,Low
2026-07-20 02:40:11,31,78,77,1.069,2.004,4,Low
2026-07-20 02:50:16,32,78,77,1.069,2.001,3,Low
2026-07-20 03:00:20,28,74,73,1.069,2.001,3,Low
2026-07-20 03:10:13,28,74,73,1.069,2.003,3,Low
2026-07-20 03:20:15,29,75,74,1.069,2.001,3,Low
2026-07-20 03:30:13,31,80,79,1.069,2.001,4,Low
2026-07-20 03:40:16,32,81,80,1.069,2.003,3,Low
2026-07-20 03:50:13,34,83,82,1.069,2.001,3,Low
2026-07-20 04:00:18,32,82,81,1.189,2.001,3,Low
2026-07-20 04:10:11,30,80,79,1.189,2.001,3,Low
2026-07-20 04:21:38,30,82,82,1.189,2.006,4,Low
2026-07-20 04:33:13,31,83,83,1.189,2.004,3,Low
2026-07-20 04:40:13,34,87,87,1.189,2.006,3,Low
2026-07-20 04:50:12,32,86,86,1.189,2.006,3,Low
2026-07-20 05:00:20,31,80,80,1.189,2.007,3,Low
2026-07-20 05:10:12,31,81,81,1.189,2.012,3,Low
2026-07-20 05:20:11,32,81,81,1.189,2.01,3,Low
2026-07-20 05:30:18,30,81,81,1.189,2.006,4,Low
2026-07-20 05:47:34,30,81,81,1.189,2.008,4,Low
2026-07-20 05:50:16,28,79,79,1.189,2.012,4,Low
2026-07-20 06:00:18,28,80,80,1.189,2.032,4,Low
2026-07-20 06:11:59,28,79,79,1.189,2.001,4,Low
2026-07-20 06:20:13,29,82,82,1.335,2.001,3,Low
2026-07-20 06:30:18,26,78,77,1.189,2.007,3,Low
2026-07-20 06:40:16,30,81,80,1.335,2.007,4,Low
2026-07-20 06:50:11,29,82,81,1.189,2.026,3,Low
2026-07-20 07:00:21,29,76,75,1.189,2.026,3,Low
2026-07-20 07:10:12,28,73,72,1.189,2.007,3,Low
2026-07-20 07:20:11,27,68,67,1.189,2.001,4,Low
2026-07-20 07:30:15,28,69,68,1.189,2.012,4,Low
2026-07-20 07:40:13,26,66,65,1.189,2.001,4,Low
2026-07-20 07:50:12,24,64,63,1.335,2.007,4,Low
2026-07-20 08:00:21,26,65,64,1.189,2.001,4,Low
2026-07-20 08:10:14,24,63,58,1.189,2.001,4,Low
2026-07-20 08:20:12,27,69,64,1.189,2.012,4,Low
2026-07-20 08:30:19,24,66,61,1.189,2.014,4,Low
2026-07-20 08:40:14,27,69,64,1.189,2.004,4,Low
2026-07-20 08:50:15,27,69,64,1.189,2.012,4,Low
2026-07-20 09:00:19,25,67,63,1.189,2.001,4,Low
2026-07-20 09:10:12,23,65,61,1.189,2.001,3,Low
2026-07-20 09:20:16,23,62,58,1.189,2.0,3,Low
2026-07-20 09:30:14,24,63,59,1.189,2.001,3,Low
2026-07-20 09:40:19,25,70,66,1.189,2.012,3,Low
2026-07-20 09:50:14,25,70,67,1.189,2.018,3,Low
2026-07-20 10:00:22,27,72,69,1.189,2.018,4,Low
2026-07-20 10:10:14,27,72,69,1.189,2.001,4,Low
2026-07-20 10:20:13,26,71,67,1.189,2.007,4,Low
2026-07-20 10:30:18,22,65,62,1.189,2.007,4,Low
2026-07-20 10:40:11,24,65,62,1.189,2.001,4,Low
2026-07-20 10:50:14,25,68,65,1.189,2.0,3,Low
2026-07-20 11:00:21,22,65,60,1.189,2.001,3,Low
2026-07-20 11:10:12,25,67,63,1.189,2.001,3,Low
2026-07-20 11:20:14,23,65,60,1.189,2.001,3,Low
2026-07-20 11:30:16,23,63,60,1.189,2.0,3,Low
2026-07-20 11:40:13,25,65,61,1.189,2.0,3,Low
2026-07-20 11:50:13,21,60,55,1.335,2.001,3,Low
2026-07-20 12:00:20,23,62,58,1.189,2.001,3,Low
2026-07-20 12:10:15,25,64,60,1.189,2.001,3,Low
2026-07-20 12:20:17,19,55,50,1.335,2.0,2,Low
2026-07-20 12:30:17,21,58,53,1.335,2.0,2,Low
2026-07-20 12:40:14,22,59,54,1.189,2.001,2,Low
2026-07-20 12:50:13,21,59,54,1.189,2.0,3,Low
2026-07-20 13:00:26,20,56,52,1.189,1.995,3,Low
2026-07-20 13:10:13,18,54,49,1.189,1.995,4,Low
2026-07-20 13:20:16,19,55,51,1.189,1.988,4,Low
2026-07-20 13:30:16,21,59,55,1.335,1.962,1,Low
2026-07-20 13:40:15,23,61,56,1.335,1.989,1,Low
2026-07-20 13:50:17,21,61,57,1.335,1.933,1,Low
2026-07-20 14:00:22,20,61,57,1.456,1.994,0,Low
2026-07-20 14:10:18,15,52,48,1.654,1.988,1,Low
2026-07-20 14:20:15,20,55,50,1.456,1.995,2,Low
2026-07-20 14:30:19,20,55,51,1.456,2.001,3,Low
2026-07-20 14:40:12,18,54,50,1.454,2.001,1,Low
2026-07-20 14:50:15,18,53,48,1.454,2.002,1,Low
2026-07-20 15:00:25,20,55,51,1.454,2.001,0,Low
2026-07-20 15:10:14,19,54,50,1.454,2.0,2,Low
2026-07-20 15:20:18,19,54,50,1.654,2.001,1,Low
2026-07-20 15:30:16,21,56,52,1.456,2.001,0,Low
2026-07-20 15:40:18,22,56,52,1.456,2.001,2,Low
2026-07-20 15:50:16,21,55,51,1.654,2.001,1,Low
2026-07-20 16:00:22,21,49,45,1.654,2.001,0,Low
2026-07-20 16:10:16,22,58,54,1.456,2.001,1,Low
2026-07-20 16:16:14,22,60,56,1.456,2.001,1,Low
2026-07-20 16:20:14,23,61,57,1.654,2.001,2,Low
2026-07-20 16:30:16,22,60,55,1.456,1.995,1,Low
2026-07-20 16:40:12,23,61,56,1.349,2.0,1,Low
2026-07-20 16:50:12,23,68,63,1.349,2.0,1,Low
2026-07-20 17:00:25,22,67,62,1.349,2.001,1,Low
2026-07-20 17:10:16,22,64,59,1.349,2.001,2,Low
2026-07-20 17:20:12,19,61,56,1.349,2.0,2,Low
2026-07-20 17:30:14,22,65,60,1.189,1.995,0,Low
2026-07-20 17:40:15,19,62,57,1.189,1.989,0,Low
2026-07-20 17:50:14,21,63,58,1.189,1.989,1,Low
2026-07-20 18:00:30,17,60,55,1.456,2.0,1,Low
2026-07-20 18:10:13,18,62,57,1.454,2.001,1,Low
2026-07-20 18:20:14,21,65,60,1.654,2.001,1,Low
2026-07-20 18:30:14,24,70,65,1.456,2.001,0,Low
2026-07-20 18:40:14,22,68,63,1.454,2.069,2,Low
2026-07-20 18:50:15,22,67,63,1.454,2.069,2,Low
2026-07-20 19:00:21,23,71,68,1.654,2.136,2,Low
2026-07-20 19:10:15,21,61,57,1.456,2.001,3,Low
2026-07-20 19:20:12,23,64,61,1.454,2.004,2,Low
2026-07-20 19:30:15,24,65,62,1.456,2.007,1,Low
2026-07-20 19:40:15,25,70,67,1.654,2.004,2,Low
2026-07-20 19:50:17,28,74,70,1.654,2.008,1,Low
2026-07-20 20:00:26,29,78,75,1.602,2.004,2,Low
2026-07-20 20:10:17,29,77,73,1.602,2.001,2,Low
2026-07-20 20:20:14,28,75,71,1.602,2.001,2,Low
2026-07-20 20:30:21,29,76,73,1.602,2.001,1,Low
2026-07-20 20:40:13,30,77,73,1.602,2.001,2,Low
2026-07-20 20:50:13,29,78,72,1.602,2.001,1,Low
2026-07-20 20:51:16,28,76,70,1.602,2.001,1,Low
2026-07-20 21:00:23,26,75,69,1.602,2.001,2,Low
2026-07-20 21:10:14,22,70,64,1.602,2.001,4,Low
2026-07-20 21:20:12,26,84,78,1.602,2.001,3,Low
2026-07-20 21:30:17,27,82,76,1.602,2.001,1,Low
2026-07-20 21:40:11,25,75,69,1.602,2.012,1,Low
2026-07-20 21:50:14,25,74,68,1.602,2.001,1,Low
2026-07-20 22:00:19,24,71,65,1.602,2.007,1,Low
2026-07-20 22:10:16,24,72,66,1.602,2.001,1,Low
2026-07-20 22:20:14,24,67,61,1.602,2.001,2,Low
2026-07-20 22:30:17,24,66,60,1.602,2.001,0,Low
2026-07-20 22:40:11,25,70,64,1.602,2.001,2,Low
2026-07-20 22:50:13,26,69,66,1.602,2.003,2,Low
2026-07-20 23:00:17,22,65,62,1.602,2.003,2,Low
2026-07-20 23:10:15,24,70,66,1.654,2.001,1,Low
2026-07-20 23:20:16,25,75,64,1.654,2.001,0,Low
2026-07-20 23:30:20,25,73,59,1.654,2.001,0,Low
2026-07-20 23:40:11,28,76,64,1.654,2.001,0,Low
2026-07-20 23:50:22,29,76,64,1.656,2.001,0,Low
2026-07-21 00:00:19,28,75,61,1.656,2.002,2,Low
2026-07-21 00:10:16,28,67,61,1.654,2.003,1,Low
2026-07-21 00:15:33,32,71,65,1.654,2.003,1,Low
2026-07-21 00:20:11,31,70,67,1.654,2.001,1,Low
2026-07-21 00:30:16,28,64,62,1.654,2.003,0,Low
2026-07-21 00:40:21,28,65,65,1.654,2.003,0,Low
2026-07-21 00:50:15,28,63,63,1.654,2.003,0,Low
2026-07-21 01:00:19,32,68,68,1.654,2.003,0,Low
2026-07-21 01:10:11,31,66,66,1.654,2.001,1,Low
2026-07-21 01:20:15,29,67,67,1.654,2.013,0,Low
2026-07-21 01:30:17,29,66,66,1.654,2.013,1,Low
2026-07-21 01:40:19,33,81,81,1.654,2.013,1,Low
2026-07-21 01:50:11,32,84,84,1.654,2.007,2,Low
2026-07-21 02:00:22,30,78,78,1.654,2.007,0,Low
2026-07-21 02:10:17,31,80,80,1.654,2.013,0,Low
2026-07-21 02:20:15,31,78,78,1.654,2.004,2,Low
2026-07-21 02:30:20,31,76,76,1.656,2.201,3,Low
2026-07-21 02:40:13,27,69,69,1.656,2.001,4,Low
2026-07-21 02:50:14,25,68,68,1.656,2.268,3,Low
2026-07-21 03:00:23,24,66,66,1.656,2.284,4,Low
2026-07-21 03:10:15,27,72,72,1.656,2.007,4,Low
2026-07-21 03:20:13,27,70,70,1.49,2.001,4,Low
2026-07-21 03:30:16,25,67,67,1.656,2.007,4,Low
2026-07-21 03:40:11,24,68,68,1.656,2.201,3,Low
2026-07-21 03:50:11,25,71,71,1.656,2.007,3,Low
2026-07-21 04:00:21,25,69,69,1.656,2.001,4,Low
2026-07-21 04:10:12,24,70,69,1.734,2.101,3,Low
2026-07-21 04:20:18,29,75,75,1.656,2.001,3,Low
2026-07-21 04:30:13,28,75,74,1.656,2.001,3,Low
2026-07-21 04:40:13,28,76,76,1.49,2.001,3,Low
2026-07-21 04:50:12,27,74,74,1.49,2.001,3,Low
2026-07-21 05:00:20,26,72,72,1.49,1.994,3,Low
2026-07-21 05:10:12,28,80,79,1.49,2.001,3,Low
2026-07-21 05:20:13,26,79,77,1.49,2.101,3,Low
2026-07-21 05:30:13,28,74,74,1.49,2.001,3,Low
2026-07-21 05:40:13,26,73,73,1.49,2.235,3,Low
2026-07-21 05:50:11,28,83,83,1.49,2.235,3,Low
2026-07-21 06:00:20,24,72,71,1.656,2.004,3,Low
2026-07-21 06:10:12,23,72,72,1.656,2.201,3,Low
2026-07-21 06:20:16,26,76,75,1.654,2.001,4,Low
2026-07-21 06:30:20,23,72,71,1.654,2.201,4,Low
2026-07-21 06:40:13,24,75,74,1.654,2.001,4,Low
2026-07-21 06:50:16,23,72,71,1.656,2.0,3,Low
2026-07-21 07:00:22,21,70,69,1.654,2.0,3,Low
2026-07-21 07:10:14,20,69,68,1.654,1.995,4,Low
2026-07-21 07:20:13,24,79,70,1.654,2.001,4,Low
2026-07-21 07:30:17,24,79,70,1.49,1.995,4,Low
2026-07-21 07:40:17,25,81,72,1.49,2.001,4,Low
2026-07-21 07:50:14,23,80,71,1.49,2.001,4,Low
2026-07-21 08:00:21,24,79,71,1.49,2.001,4,Low
2026-07-21 08:10:12,21,78,69,1.49,1.989,2,Low
2026-07-21 08:20:12,19,74,65,1.49,2.0,1,Low
2026-07-21 08:30:14,19,65,56,1.49,1.989,2,Low
2026-07-21 08:40:13,19,66,57,1.49,1.989,3,Low
2026-07-21 08:50:15,18,66,57,1.49,1.988,3,Low
2026-07-21 09:00:24,20,68,59,1.49,1.995,2,Low
2026-07-21 09:10:13,21,65,56,1.49,1.989,2,Low
2026-07-21 09:20:15,18,62,53,1.49,1.994,3,Low
2026-07-21 09:30:17,22,69,59,1.49,1.995,3,Low
2026-07-21 09:40:12,20,67,57,1.49,1.995,2,Low
2026-07-21 09:50:16,22,72,63,1.49,2.001,1,Low
2026-07-21 10:00:26,25,75,66,1.49,2.001,2,Low
2026-07-21 10:10:13,25,78,67,1.49,2.134,2,Low
2026-07-21 10:20:12,25,81,69,1.49,1.989,3,Low
2026-07-21 10:30:16,26,78,69,1.49,1.995,2,Low
2026-07-21 10:40:13,25,78,66,1.49,2.001,2,Low
2026-07-21 10:50:12,23,76,67,1.49,2.0,2,Low
2026-07-21 11:00:21,24,72,63,1.49,1.995,1,Low
2026-07-21 11:10:11,24,73,61,1.49,1.994,1,Low
2026-07-21 11:20:13,23,71,62,1.654,2.0,3,Low
2026-07-21 11:30:19,21,62,53,1.654,2.001,2,Low
2026-07-21 11:40:13,20,61,52,1.654,2.001,0,Low
2026-07-21 11:50:12,20,63,51,1.654,1.995,1,Low
2026-07-21 12:00:20,20,70,60,1.654,2.168,1,Low
2026-07-21 12:10:13,25,73,64,1.49,2.0,1,Low
2026-07-21 12:20:13,22,69,60,1.069,1.988,1,Low
2026-07-21 12:30:19,21,65,56,1.069,1.988,1,Low
2026-07-21 12:40:16,24,67,59,1.069,1.994,1,Low
2026-07-21 12:50:14,20,70,61,1.069,1.988,1,Low
2026-07-21 13:00:27,22,71,62,1.069,2.001,1,Low
2026-07-21 13:10:18,22,70,61,1.069,2.068,1,Low
2026-07-21 13:20:21,21,71,62,1.069,1.989,2,Low
2026-07-21 13:30:17,22,67,57,1.069,1.995,2,Low
2026-07-21 13:40:16,22,64,55,1.069,1.988,2,Low
2026-07-21 13:50:14,25,70,61,1.069,1.989,2,Low
2026-07-21 14:00:22,24,70,61,1.069,1.961,2,Low
2026-07-21 14:10:17,21,66,57,1.069,1.933,1,Low
2026-07-21 14:20:16,23,67,58,1.069,1.988,1,Low
2026-07-21 14:30:20,26,70,61,1.069,1.961,1,Low
2026-07-21 14:40:13,25,68,60,1.069,1.988,1,Low
2026-07-21 14:50:18,25,69,60,1.069,1.989,0,Low
2026-07-21 15:00:27,23,67,58,1.069,1.989,1,Low
2026-07-21 15:10:13,24,67,58,1.069,1.988,0,Low
2026-07-21 15:20:13,25,72,63,1.069,1.989,0,Low
2026-07-21 15:30:18,22,67,58,1.069,1.961,0,Low
2026-07-21 15:40:13,23,69,60,1.069,1.988,0,Low
2026-07-21 15:50:13,22,67,58,1.069,1.961,0,Low
2026-07-21 15:55:42,22,67,58,1.069,1.961,1,Low
2026-07-21 16:00:21,24,69,60,1.069,1.961,1,Low
2026-07-21 16:10:18,23,68,59,1.069,1.988,0,Low
2026-07-21 16:20:13,25,71,62,1.069,2.0,0,Low
2026-07-21 16:30:19,22,67,58,1.069,1.988,0,Low
2026-07-21 16:40:15,23,66,57,1.069,1.989,0,Low
2026-07-21 16:50:11,26,72,60,1.069,1.995,0,Low
2026-07-21 17:00:22,26,72,60,1.069,2.069,0,Low
2026-07-21 17:10:14,27,73,61,1.069,2.007,0,Low
2026-07-21 17:20:16,28,70,69,1.069,2.001,0,Low
2026-07-21 17:30:20,29,71,70,1.069,2.004,0,Low
2026-07-21 17:40:15,27,69,68,1.069,2.007,1,Low
2026-07-21 17:50:13,25,70,68,1.069,2.001,0,Low
2026-07-21 18:00:21,28,72,70,1.069,2.071,1,Low
2026-07-21 18:10:13,25,69,67,1.069,2.004,1,Low
2026-07-21 18:20:13,25,69,66,1.069,2.134,1,Low
2026-07-21 18:30:20,26,69,66,1.069,2.168,1,Low
2026-07-21 18:40:14,27,78,75,1.069,2.134,1,Low
2026-07-21 18:50:16,23,74,72,1.069,2.134,2,Low
2026-07-21 19:00:23,23,71,69,1.069,2.001,2,Low
2026-07-21 19:10:15,23,72,69,1.069,2.001,1,Low
2026-07-21 19:20:16,22,68,66,1.069,2.001,1,Low
2026-07-21 19:30:19,20,61,59,1.069,1.994,0,Low
2026-07-21 19:40:15,23,65,62,1.069,2.001,0,Low
2026-07-21 19:50:16,24,68,65,1.069,2.101,0,Low
2026-07-21 20:00:24,25,70,68,1.069,2.001,0,Low
2026-07-21 20:10:15,25,68,66,1.069,2.204,0,Low
2026-07-21 20:20:16,19,59,57,1.069,2.0,0,Low
2026-07-21 20:30:23,25,68,66,1.069,2.004,0,Low
2026-07-21 20:39:31,24,63,61,1.069,2.001,1,Low
2026-07-21 20:40:14,25,63,61,1.069,2.001,1,Low
2026-07-21 20:50:13,22,57,55,1.069,1.995,1,Low
2026-07-21 21:00:29,20,56,54,1.069,2.101,1,Low
2026-07-21 21:10:15,19,54,52,1.069,2.0,0,Low
2026-07-21 21:20:14,19,54,52,1.069,2.201,0,Low
2026-07-21 21:30:17,19,55,53,1.069,2.0,0,Low
2026-07-21 21:40:14,20,57,55,1.069,2.001,1,Low
2026-07-21 21:50:15,23,60,55,1.069,2.001,0,Low
2026-07-21 22:00:19,21,59,55,1.069,2.0,3,Low
2026-07-21 22:10:11,24,70,58,1.069,2.101,3,Low
2026-07-21 22:20:12,23,65,53,1.069,2.201,3,Low
2026-07-21 22:30:20,26,67,54,1.069,2.001,3,Low
2026-07-21 22:40:14,23,63,51,1.069,2.004,3,Low
2026-07-21 22:50:12,25,65,65,1.069,2.004,3,Low
2026-07-21 23:00:23,25,65,65,1.069,2.001,2,Low
2026-07-21 23:10:11,22,60,60,1.069,2.101,3,Low
2026-07-21 23:20:13,24,66,66,1.069,2.101,2,Low
2026-07-21 23:30:16,24,65,65,1.069,2.001,3,Low
2026-07-21 23:40:15,25,74,74,1.069,2.201,2,Low
2026-07-21 23:43:58,26,75,75,1.069,2.201,2,Low
2026-07-21 23:50:12,25,75,75,1.069,2.188,2,Low
2026-07-22 00:00:19,25,74,74,1.069,2.201,2,Low
2026-07-22 00:10:12,27,80,80,1.069,2.201,2,Low
2026-07-22 00:20:14,26,76,76,1.069,2.101,2,Low
2026-07-22 00:30:18,30,82,82,1.454,2.202,2,Low
2026-07-22 00:40:20,30,82,82,1.454,2.103,2,Low
2026-07-22 00:50:11,29,81,81,1.454,2.201,2,Low
2026-07-22 01:00:20,30,82,82,1.454,2.102,2,Low
2026-07-22 01:10:13,29,80,80,1.454,2.004,2,Low
2026-07-22 01:20:19,28,78,78,1.454,2.103,3,Low
2026-07-22 01:30:14,30,81,81,1.454,2.171,2,Low
2026-07-22 01:40:17,28,79,79,1.454,2.103,2,Low
2026-07-22 01:50:14,25,76,76,1.454,2.004,2,Low
2026-07-22 02:00:19,27,82,74,1.454,2.004,3,Low
2026-07-22 02:10:12,27,84,76,1.454,2.001,3,Low
2026-07-22 02:20:11,30,88,80,1.454,2.07,4,Low
2026-07-22 02:30:14,30,91,83,1.362,2.07,4,Low
2026-07-22 02:40:11,28,86,78,1.362,1.995,3,Low
2026-07-22 02:50:13,31,90,82,1.362,2.004,4,Low
2026-07-22 03:00:19,29,84,76,1.362,2.001,4,Low
2026-07-22 03:10:13,30,78,70,1.362,2.103,3,Low
2026-07-22 03:20:15,27,62,62,1.362,2.001,3,Low
2026-07-22 03:30:15,29,71,71,1.362,2.004,3,Low
2026-07-22 03:40:13,29,71,71,1.362,2.004,4,Low
2026-07-22 03:50:12,27,61,61,1.362,2.201,3,Low
2026-07-22 04:00:20,27,60,60,1.362,2.136,3,Low
2026-07-22 04:10:17,29,66,66,1.362,2.2,4,Low
2026-07-22 04:20:13,27,61,61,1.362,2.136,4,Low
2026-07-22 04:30:19,28,63,63,1.362,2.171,4,Low
2026-07-22 04:40:11,29,64,64,1.362,2.201,2,Low
2026-07-22 04:50:14,31,68,68,1.362,2.136,2,Low
2026-07-22 05:00:20,35,74,74,1.362,2.141,3,Low
2026-07-22 05:10:13,35,82,82,1.362,2.136,2,Low
2026-07-22 05:20:15,33,79,78,1.362,2.001,2,Low
2026-07-22 05:30:16,36,91,90,1.362,2.07,4,Low
2026-07-22 05:40:14,34,89,89,1.362,2.07,3,Low
2026-07-22 05:50:16,32,84,84,1.362,2.07,3,Low
2026-07-22 06:00:27,33,85,85,1.362,2.004,3,Low
2026-07-22 06:10:13,33,90,90,1.362,2.004,3,Low
2026-07-22 06:20:14,29,77,77,1.362,2.136,3,Low
2026-07-22 06:30:17,30,76,76,1.362,2.001,3,Low
2026-07-22 06:40:13,32,79,79,1.362,2.069,3,Low
2026-07-22 06:50:13,31,79,79,1.362,2.007,2,Low
2026-07-22 07:00:24,28,74,74,1.362,2.001,3,Low
2026-07-22 07:10:12,31,78,78,1.362,2.001,3,Low
2026-07-22 07:20:16,27,81,81,1.362,2.001,3,Low
2026-07-22 07:30:16,31,85,85,1.362,2.001,2,Low
2026-07-22 07:40:15,31,86,85,1.362,2.136,2,Low
2026-07-22 07:50:14,29,83,83,1.362,2.0,1,Low
2026-07-22 08:00:23,30,85,85,1.362,1.995,3,Low
2026-07-22 08:01:04,29,85,85,1.362,2.001,3,Low
2026-07-22 08:10:12,28,81,81,1.362,2.001,4,Low
2026-07-22 08:20:12,30,91,91,1.362,2.069,4,Low
2026-07-22 08:30:17,34,94,93,1.362,2.171,4,Low
2026-07-22 08:40:12,33,94,94,1.362,2.141,3,Low
2026-07-22 08:50:13,29,86,86,1.362,2.201,4,Low
2026-07-22 09:00:26,31,88,88,1.362,2.141,3,Low
2026-07-22 09:10:16,31,90,89,1.362,2.141,3,Low
2026-07-22 09:20:15,34,94,94,1.362,2.171,3,Low
2026-07-22 09:30:20,30,89,89,1.362,2.171,3,Low
2026-07-22 09:40:13,32,88,88,1.362,2.171,3,Low
2026-07-22 09:50:14,29,85,84,1.362,2.201,3,Low
2026-07-22 10:00:28,30,87,86,1.362,2.201,3,Low
2026-07-22 10:10:11,34,93,92,1.362,2.144,3,Low
2026-07-22 10:20:14,32,91,90,1.362,2.201,2,Low
2026-07-22 10:30:17,29,87,87,1.362,2.0,2,Low
2026-07-22 10:40:15,30,88,88,1.362,2.068,2,Low
2026-07-22 10:50:13,30,86,85,1.362,2.168,2,Low
2026-07-22 11:00:24,33,101,93,1.362,2.141,2,Low
2026-07-22 11:10:16,33,100,91,1.362,2.141,1,Low
2026-07-22 11:20:12,30,96,87,1.362,2.138,1,Low
2026-07-22 11:30:14,30,99,90,1.362,2.068,1,Low
2026-07-22 11:40:14,29,92,83,1.362,1.989,1,Low
2026-07-22 11:50:15,30,95,86,1.362,1.995,1,Low
2026-07-22 12:00:21,29,94,85,1.362,1.988,1,Low
2026-07-22 12:10:15,29,95,86,1.362,2.0,1,Low
2026-07-22 12:20:13,31,97,88,1.362,2.0,2,Low
2026-07-22 12:30:23,30,94,85,1.362,2.068,1,Low
2026-07-22 12:40:16,30,97,88,1.362,2.201,1,Low
2026-07-22 12:50:25,32,98,89,1.362,2.168,1,Low
2026-07-22 13:00:22,32,96,87,1.362,2.168,1,Low
2026-07-22 13:10:15,31,88,79,1.362,2.0,2,Low
2026-07-22 13:12:05,30,86,77,1.362,2.002,2,Low
2026-07-22 13:20:15,30,91,82,1.362,2.07,0,Low
2026-07-22 13:30:19,29,89,80,1.362,1.989,0,Low
2026-07-22 13:40:14,29,85,77,1.362,1.989,2,Low
2026-07-22 13:50:16,30,87,78,1.362,1.988,0,Low
2026-07-22 14:00:28,29,85,76,1.362,2.27,0,Low
2026-07-22 14:10:18,26,83,75,1.362,2.006,0,Low
2026-07-22 14:20:13,31,88,79,1.362,2.007,0,Low
2026-07-22 14:30:20,27,84,75,1.362,2.136,0,Low
2026-07-22 14:40:18,31,88,80,1.362,2.203,0,Low
2026-07-22 14:50:16,36,93,85,1.362,2.169,0,Low
2026-07-22 15:00:26,35,94,86,1.362,2.201,0,Low
2026-07-22 15:10:28,32,89,81,1.362,2.07,0,Low
2026-07-22 15:20:14,31,85,76,1.362,2.0,0,Low
2026-07-22 15:30:22,34,97,88,1.362,2.07,0,Low
2026-07-22 15:40:16,30,87,78,1.362,2.069,0,Low
2026-07-22 15:50:19,28,85,76,1.362,2.001,0,Low
2026-07-22 16:00:21,30,94,84,1.362,2.001,0,Low
2026-07-22 16:10:16,28,92,83,1.362,2.001,0,Low
2026-07-22 16:20:13,27,92,83,1.362,2.001,2,Low
2026-07-22 16:30:19,33,97,87,1.362,2.007,1,Low
2026-07-22 16:40:18,34,98,89,1.362,2.102,1,Low
2026-07-22 16:50:16,30,97,88,1.362,2.102,1,Low
2026-07-22 17:00:25,26,93,84,1.362,1.995,1,Low
2026-07-22 17:10:13,26,93,84,1.362,1.994,4,Low
2026-07-22 17:20:14,26,80,71,1.362,1.995,3,Low
2026-07-22 17:30:18,26,80,71,1.362,1.995,3,Low
2026-07-22 17:40:12,24,78,69,1.362,1.995,3,Low
2026-07-22 17:50:17,26,82,73,1.362,2.002,3,Low
2026-07-22 17:51:57,26,82,73,1.362,1.995,3,Low
2026-07-22 18:00:21,27,83,74,1.362,2.0,3,Low
2026-07-22 18:10:16,25,82,73,1.362,2.001,3,Low
2026-07-22 18:20:16,26,82,72,1.362,2.001,3,Low
2026-07-22 18:30:18,26,84,73,1.362,2.001,3,Low
2026-07-22 18:40:14,25,82,71,1.362,2.2,3,Low
2026-07-22 18:50:17,25,85,77,1.362,2.0,3,Low
2026-07-22 19:00:24,23,83,74,1.362,1.933,3,Low
2026-07-22 19:10:13,23,84,75,1.362,1.933,4,Low
2026-07-22 19:20:15,23,83,74,1.362,2.0,3,Low
2026-07-22 19:30:19,25,87,78,1.362,1.933,3,Low
2026-07-22 19:40:14,25,87,78,1.362,2.0,3,Low
2026-07-22 19:50:14,27,89,81,1.362,2.002,3,Low
2026-07-22 20:00:23,27,90,82,1.362,2.001,3,Low
2026-07-22 20:10:12,28,89,81,1.362,2.003,3,Low
2026-07-22 20:20:14,25,84,76,1.362,2.004,4,Low
2026-07-22 20:30:18,24,83,75,1.454,2.003,3,Low
2026-07-22 20:40:18,23,82,74,1.362,2.004,3,Low
2026-07-22 20:50:14,24,85,77,1.362,2.002,4,Low
2026-07-22 21:00:25,24,84,75,1.362,2.002,4,Low
2026-07-22 21:10:16,23,83,74,1.362,2.136,2,Low
2026-07-22 21:20:14,31,93,84,1.362,2.2,1,Low
2026-07-22 21:30:17,28,91,83,1.362,2.168,3,Low
2026-07-22 21:40:17,28,91,83,1.362,2.168,2,Low
2026-07-22 21:54:28,30,92,84,1.362,2.168,3,Low
2026-07-22 22:00:34,28,90,82,1.362,2.168,3,Low
2026-07-22 22:10:13,32,96,88,1.362,2.235,2,Low
2026-07-22 22:20:12,33,97,89,1.362,2.201,4,Low
2026-07-22 22:30:18,29,90,82,1.362,2.27,3,Low
2026-07-22 22:40:13,33,95,87,1.362,2.269,3,Low
2026-07-22 22:50:14,28,91,83,1.362,2.311,3,Low
2026-07-22 23:00:22,28,89,81,1.454,2.311,4,Low
2026-07-22 23:10:14,29,101,93,1.454,2.353,3,Low
2026-07-22 23:20:14,26,99,91,1.454,2.398,4,Low
2026-07-22 23:30:17,26,99,91,1.454,2.555,4,Low
2026-07-22 23:40:13,27,99,90,1.454,2.589,4,Low
2026-07-22 23:50:12,28,100,92,1.454,2.391,4,Low
2026-07-23 00:00:19,29,95,87,1.362,2.34,4,Low
2026-07-23 00:10:12,28,92,84,1.362,2.129,3,Low
2026-07-23 00:20:13,31,94,86,1.362,2.34,4,Low
2026-07-23 00:30:14,30,95,87,1.362,2.231,4,Low
2026-07-23 00:40:11,30,95,86,1.362,2.224,4,Low
2026-07-23 00:50:11,29,100,92,1.362,2.121,4,Low
2026-07-23 01:00:24,32,102,94,1.362,2.196,4,Low
2026-07-23 01:10:15,28,101,93,1.362,2.064,4,Low
2026-07-23 01:20:12,31,105,97,1.362,2.121,4,Low
2026-07-23 01:30:17,32,105,97,1.362,2.303,4,Low
2026-07-23 01:40:17,31,102,94,1.362,2.337,4,Low
2026-07-23 01:50:14,33,106,98,1.362,2.27,4,Low
2026-07-23 02:00:22,33,106,98,1.362,2.27,4,Low
2026-07-23 02:10:13,34,107,99,1.362,2.34,4,Low
2026-07-23 02:20:14,36,109,101,1.362,2.298,4,Low
2026-07-23 02:30:16,36,106,98,1.362,2.298,4,Low
2026-07-23 02:40:14,34,102,94,1.362,2.291,4,Low
2026-07-23 02:50:13,35,104,96,1.362,2.27,4,Low
2026-07-23 03:00:25,33,104,96,1.362,2.27,4,Low
2026-07-23 03:10:13,33,104,96,1.362,2.313,4,Low
2026-07-23 03:20:19,33,104,96,1.362,2.442,4,Low
2026-07-23 03:30:13,32,103,95,1.362,2.36,4,Low
2026-07-23 03:40:14,31,102,94,1.362,2.3,4,Low
2026-07-23 03:50:11,31,102,94,1.362,2.408,4,Low
2026-07-23 04:00:19,30,101,93,1.362,2.339,4,Low
2026-07-23 04:10:12,30,101,93,1.362,2.498,4,Low
2026-07-23 04:20:15,29,100,92,1.362,2.408,4,Low
2026-07-23 04:30:14,31,102,93,1.362,2.203,4,Low
2026-07-23 04:40:14,31,102,94,1.362,2.408,4,Low
2026-07-23 04:50:12,28,93,85,1.362,2.458,4,Low
2026-07-23 05:00:22,27,92,84,1.362,2.408,4,Low
2026-07-23 05:10:11,30,97,89,1.362,2.325,4,Low
2026-07-23 05:20:13,28,93,85,1.362,2.277,4,Low
2026-07-23 05:30:15,27,83,75,1.362,2.269,4,Low
2026-07-23 05:40:14,28,84,76,1.362,2.071,4,Low
2026-07-23 05:50:11,30,89,81,1.362,2.071,4,Low
2026-07-23 06:00:22,27,83,75,1.362,2.0,4,Low
2026-07-23 06:10:12,26,82,74,1.362,2.004,4,Low
2026-07-23 06:20:14,28,86,78,1.362,2.005,4,Low
2026-07-23 06:30:18,27,84,76,1.362,2.002,4,Low
2026-07-23 06:40:13,27,81,73,1.362,2.002,4,Low
2026-07-23 06:46:04,27,81,73,1.362,2.002,4,Low
2026-07-23 06:50:15,26,78,70,1.362,1.968,4,Low
2026-07-23 07:00:22,24,76,68,1.362,1.961,4,Low
2026-07-23 07:10:16,22,72,63,1.362,1.849,4,Low
2026-07-23 07:20:14,24,84,76,1.362,2.1,4,Low
2026-07-23 07:30:16,24,81,73,1.362,1.961,3,Low
2026-07-23 07:40:14,27,84,76,1.362,2.2,3,Low
2026-07-23 07:50:13,23,83,75,1.362,2.0,3,Low
2026-07-23 08:00:24,25,85,77,1.362,2.0,3,Low
2026-07-23 08:10:11,25,83,74,1.362,2.136,3,Low
2026-07-23 08:20:12,27,84,75,1.362,2.136,4,Low
2026-07-23 08:30:17,27,87,79,1.362,2.0,4,Low
2026-07-23 08:40:14,27,87,79,1.362,2.136,4,Low
2026-07-23 08:50:38,25,89,80,1.362,2.136,3,Low
2026-07-23 09:00:23,26,84,75,1.362,2.203,4,Low
2026-07-23 09:10:14,23,78,70,1.362,2.136,4,Low
2026-07-23 09:20:13,20,63,55,1.362,2.295,4,Low
2026-07-23 09:30:22,19,70,61,1.362,2.708,4,Low
2026-07-23 09:40:16,21,75,67,1.362,2.002,4,Low
2026-07-23 09:50:12,20,75,67,1.362,2.295,3,Low
2026-07-23 10:00:25,20,74,66,1.362,2.295,4,Low
2026-07-23 10:10:12,20,74,66,1.362,2.135,4,Low
2026-07-23 10:20:15,23,77,69,1.362,2.27,4,Low
2026-07-23 10:30:18,19,66,58,1.362,2.0,4,Low
2026-07-23 10:40:14,20,68,60,1.362,2.135,4,Low
2026-07-23 10:50:16,20,68,60,1.362,2.135,4,Low
2026-07-23 11:00:24,20,68,60,1.362,2.135,4,Low
2026-07-23 11:10:13,17,64,56,1.362,1.921,4,Low
2026-07-23 11:20:13,15,59,51,1.362,1.72,4,Low
2026-07-23 11:30:16,15,60,51,1.362,1.72,4,Low
2026-07-23 11:40:11,18,60,52,1.362,1.961,4,Low
2026-07-23 11:50:12,21,68,60,1.362,2.0,4,Low
2026-07-23 12:00:27,20,71,63,1.362,2.062,4,Low
2026-07-23 12:10:14,21,70,60,1.362,2.123,4,Low
2026-07-23 12:14:31,23,71,62,1.362,2.201,4,Low
2026-07-23 12:20:14,21,70,61,1.362,2.123,3,Low
2026-07-23 12:30:19,20,69,60,1.362,2.101,3,Low
2026-07-23 12:40:13,21,70,60,1.362,2.201,4,Low
2026-07-23 12:50:17,24,84,73,1.362,2.104,3,Low
2026-07-23 13:00:24,22,80,69,1.362,2.101,3,Low
2026-07-23 13:10:12,21,80,69,1.362,2.0,3,Low
2026-07-23 13:20:19,23,81,73,1.362,2.007,3,Low
2026-07-23 13:30:21,22,81,73,1.362,2.101,3,Low
2026-07-23 13:40:15,23,82,73,1.362,2.201,3,Low
2026-07-23 13:50:15,22,75,65,1.362,2.004,3,Low
2026-07-23 14:00:26,26,86,77,1.362,2.162,3,Low
2026-07-23 14:10:15,27,86,76,1.362,2.27,3,Low
2026-07-23 14:20:13,21,77,68,1.362,2.0,3,Low
2026-07-23 14:30:20,21,78,69,1.362,2.0,3,Low
2026-07-23 14:40:15,22,79,70,1.362,2.062,3,Low
2026-07-23 14:50:16,23,80,72,1.362,2.123,4,Low
2026-07-23 15:00:30,21,77,69,1.362,2.201,3,Low
2026-07-23 15:10:16,25,82,73,1.362,2.26,4,Low
2026-07-23 15:20:14,21,76,68,1.362,2.201,2,Low
2026-07-23 15:30:20,22,77,68,1.362,2.235,2,Low
2026-07-23 15:40:17,21,68,60,1.362,2.201,3,Low
2026-07-23 15:50:15,22,79,71,1.362,2.161,4,Low
2026-07-23 16:00:21,18,69,60,1.362,1.961,3,Low
2026-07-23 16:10:18,22,72,64,1.362,2.191,4,Low
2026-07-23 16:20:13,22,73,62,1.362,2.191,3,Low
2026-07-23 16:30:15,21,71,62,1.362,2.123,3,Low
2026-07-23 16:40:13,21,69,60,1.362,2.0,2,Low
2026-07-23 16:50:15,18,59,51,1.362,1.828,2,Low
2026-07-23 17:00:22,20,70,61,1.362,1.961,3,Low
2026-07-23 17:05:32,18,65,57,1.362,1.828,3,Low
2026-07-23 17:10:23,20,68,59,1.362,1.828,3,Low
2026-07-23 17:20:12,19,61,52,1.362,1.734,3,Low
2026-07-23 17:30:21,22,64,55,1.362,2.062,2,Low
2026-07-23 17:40:12,23,65,56,1.362,1.921,2,Low
2026-07-23 17:50:12,22,71,62,1.362,1.961,2,Low
2026-07-23 18:00:24,21,69,60,1.362,1.921,2,Low
2026-07-23 18:10:13,21,69,60,1.362,1.921,2,Low
2026-07-23 18:20:15,25,73,63,1.362,2.26,2,Medium
2026-07-23 18:30:18,21,68,58,1.362,1.734,2,Low
2026-07-23 18:40:14,20,66,57,1.362,1.828,2,Low
2026-07-23 18:50:14,21,68,58,1.362,1.921,2,Low
2026-07-23 19:00:21,22,69,60,1.362,1.828,3,Low
2026-07-23 19:10:16,23,70,60,1.362,1.921,4,Low
2026-07-23 19:20:14,21,67,58,1.362,1.921,4,Low
2026-07-23 19:30:20,22,67,58,1.362,1.828,4,Low
2026-07-23 19:40:12,20,64,55,1.362,1.828,2,Low
2026-07-23 19:50:12,21,65,56,1.362,2.0,2,Low
2026-07-23 20:00:22,21,68,59,1.362,1.921,2,Low
2026-07-23 20:10:15,22,69,59,1.362,1.961,2,Low
2026-07-23 20:20:12,22,76,67,1.362,1.961,2,Low
2026-07-23 20:30:17,23,79,69,1.362,2.0,2,Low
2026-07-23 20:40:15,24,80,71,1.362,2.062,4,Low
2026-07-23 20:42:35,24,81,72,1.362,2.062,3,Low
2026-07-23 20:50:15,23,81,72,1.362,2.0,3,Low
2026-07-23 21:00:22,22,73,63,1.362,1.961,3,Low
2026-07-23 21:10:14,24,83,74,1.362,2.062,3,Low
2026-07-23 21:20:18,22,80,72,1.362,2.1,3,Low
2026-07-23 21:30:17,22,80,72,1.362,1.961,2,Low
2026-07-23 21:40:13,23,78,70,1.362,1.922,2,Low
2026-07-23 21:50:14,22,79,71,1.362,1.961,2,Low
2026-07-23 22:00:20,21,75,66,1.362,2.0,3,Low
2026-07-23 22:10:15,20,74,65,1.362,1.961,2,Low
2026-07-23 22:20:20,22,77,69,1.362,1.961,4,Low
2026-07-23 22:30:16,22,77,69,1.362,1.961,3,Low
2026-07-23 22:40:20,23,77,69,1.362,2.123,2,Low
2026-07-23 22:50:12,22,75,67,1.362,2.004,2,Low
2026-07-23 23:00:21,22,68,60,1.362,2.065,1,Low
2026-07-23 23:10:15,21,67,58,1.362,1.921,2,Low
2026-07-23 23:20:14,21,74,64,1.362,2.0,3,Low
2026-07-23 23:30:13,21,75,67,1.362,2.0,2,Low
2026-07-23 23:40:18,18,65,57,1.362,1.828,2,Low
2026-07-23 23:50:12,18,67,59,1.362,1.828,3,Low
2026-07-24 00:00:20,18,67,58,1.362,1.828,3,Low
2026-07-24 00:10:15,21,70,61,1.362,1.936,4,Low
2026-07-24 00:12:09,20,69,60,1.362,1.928,4,Low
2026-07-24 00:20:12,20,69,61,1.362,1.928,4,Low
2026-07-24 00:30:15,21,70,62,1.362,1.936,4,Low
2026-07-24 00:40:11,21,71,62,1.362,1.936,4,Low
2026-07-24 00:50:11,22,74,65,1.362,2.029,3,Low
2026-07-24 01:00:20,22,76,68,1.362,2.029,3,Low
2026-07-24 01:10:12,23,77,69,1.362,2.123,3,Low
2026-07-24 01:20:13,24,75,67,1.362,2.122,3,Low
2026-07-24 01:30:13,25,77,69,1.362,2.201,3,Low
2026-07-24 01:40:13,24,76,68,1.362,2.234,2,Low
2026-07-24 01:50:14,23,72,64,1.362,2.042,2,Low
2026-07-24 02:00:19,23,79,71,1.362,2.0,2,Low
2026-07-24 02:10:12,25,81,72,1.362,2.201,3,Low
2026-07-24 02:20:13,24,81,73,1.362,2.101,3,Low
2026-07-24 02:30:16,26,83,75,1.362,2.235,2,Low
2026-07-24 02:40:14,22,79,71,1.362,1.961,3,Low
2026-07-24 02:50:17,23,80,71,1.362,2.0,2,Low
2026-07-24 03:00:18,22,78,69,1.362,1.849,2,Low
2026-07-24 03:10:13,23,77,68,1.362,1.778,3,Low
2026-07-24 03:20:13,24,81,71,1.362,1.757,3,Low
2026-07-24 03:30:16,22,79,70,1.362,1.735,3,Low
2026-07-24 03:40:14,23,76,67,1.362,1.736,3,Low
2026-07-24 03:50:13,22,74,66,1.323,1.735,3,Low
2026-07-24 04:00:19,21,70,62,1.323,1.778,4,Low
2026-07-24 04:10:13,21,70,62,1.323,1.921,4,Low
2026-07-24 04:20:12,19,68,59,1.362,1.72,3,Low
2026-07-24 04:30:18,19,68,59,1.362,1.736,2,Low
2026-07-24 04:40:14,20,69,60,1.362,1.828,3,Low
2026-07-24 04:50:14,21,72,62,1.362,1.921,2,Low
2026-07-24 05:00:20,20,70,62,1.362,1.828,2,Low
2026-07-24 05:10:14,22,72,64,1.362,1.961,2,Low
2026-07-24 05:20:17,21,71,62,1.362,1.921,2,Low
2026-07-24 05:30:17,23,74,65,1.362,1.921,2,Low
2026-07-24 05:40:11,21,73,64,1.362,1.778,3,Low
2026-07-24 05:50:16,23,76,67,1.362,1.921,3,Low
2026-07-24 06:00:20,20,72,63,1.362,1.828,3,Low
2026-07-24 06:10:13,20,72,63,1.362,1.757,3,Low
2026-07-24 06:20:14,25,78,69,1.362,2.0,3,Low
2026-07-24 06:30:15,26,79,70,1.362,1.961,4,Low
2026-07-24 06:40:13,20,66,57,1.362,1.757,3,Low
2026-07-24 06:50:15,19,64,56,1.362,1.736,3,Low
2026-07-24 07:00:21,18,63,55,1.362,1.728,3,Low
2026-07-24 07:10:15,19,64,55,1.362,1.736,3,Low
2026-07-24 07:20:14,19,66,57,1.362,1.736,3,Low
2026-07-24 07:30:18,20,66,57,1.362,1.757,3,Low
2026-07-24 07:40:13,18,65,56,1.362,1.757,2,Low
2026-07-24 07:50:15,19,66,57,1.362,1.778,3,Low
2026-07-24 08:00:21,20,66,57,1.362,1.968,4,Low
2026-07-24 08:10:13,20,63,54,1.362,1.857,4,Low
2026-07-24 08:20:17,21,66,57,1.362,1.922,2,Low
2026-07-24 08:30:14,19,64,55,1.362,1.778,3,Low
2026-07-24 08:40:14,18,63,54,1.362,1.968,2,Low
2026-07-24 08:50:13,20,65,56,1.362,2.001,2,Low
2026-07-24 09:00:30,20,64,55,1.362,1.968,2,Low
2026-07-24 09:10:25,22,69,60,1.362,2.062,2,Low
2026-07-24 09:13:33,22,70,61,1.362,1.968,2,Low
2026-07-24 09:20:18,21,69,60,1.362,1.936,2,Low
2026-07-24 09:30:14,22,79,70,1.362,2.134,2,Low
2026-07-24 09:40:15,21,67,58,1.362,2.0,2,Low
2026-07-24 09:50:11,21,70,61,1.362,2.0,0,Low
2026-07-24 10:00:24,21,70,61,1.362,1.778,0,Low
2026-07-24 10:10:15,24,74,65,1.362,2.196,2,Low
2026-07-24 10:20:16,24,70,62,1.362,2.196,1,Low
2026-07-24 10:30:21,26,75,67,1.362,2.021,3,Low
2026-07-24 10:40:13,23,68,60,1.362,2.042,4,Low
2026-07-24 10:50:11,20,65,57,1.362,2.001,1,Low
2026-07-24 11:00:32,22,67,59,1.362,1.968,,Low
2026-07-24 11:10:15,22,67,59,1.362,2.021,1,Low
2026-07-24 11:20:12,23,73,65,1.362,2.201,0,Low
2026-07-24 11:30:16,22,72,64,1.362,2.082,0,Low
2026-07-24 11:40:13,24,75,67,1.362,2.162,0,Low
2026-07-24 11:50:13,22,71,63,1.362,2.082,1,Low
2026-07-24 12:00:21,24,82,73,1.362,2.168,1,Low
2026-07-24 12:10:14,21,78,70,1.362,2.123,0,Low
2026-07-24 12:20:14,23,78,69,1.362,2.123,2,Low
2026-07-24 12:30:22,25,77,68,1.362,2.123,2,Low
2026-07-24 12:40:17,23,75,67,1.362,2.123,2,Low
2026-07-24 12:50:14,25,80,72,1.362,2.123,3,Low
2026-07-24 13:00:25,25,82,74,1.362,2.123,2,Low
2026-07-24 13:10:12,25,81,73,1.362,2.123,1,Low
2026-07-24 13:20:12,26,80,72,1.362,2.129,2,Low
2026-07-24 13:30:22,23,76,67,1.362,2.136,2,Low
2026-07-24 13:40:14,26,79,71,1.362,2.162,2,Low
2026-07-24 13:50:11,24,78,70,1.362,2.168,2,Low
2026-07-24 14:00:22,19,64,56,1.362,1.936,2,Low
2026-07-24 14:10:14,22,68,60,1.362,2.202,2,Low
2026-07-24 14:20:17,23,68,59,1.362,2.203,0,Low
2026-07-24 14:30:22,24,73,65,1.362,2.201,0,Low
2026-07-24 14:40:13,21,66,56,1.362,2.268,1,Low
2026-07-24 14:50:12,26,76,66,1.362,2.269,2,Low
2026-07-24 15:00:22,25,76,66,1.362,2.267,1,Low
2026-07-24 15:10:13,25,74,64,1.362,2.268,2,Low
2026-07-24 15:15:22,27,76,67,1.362,2.269,2,Low
2026-07-24 15:20:17,27,77,67,1.362,2.269,2,Low
2026-07-24 15:30:16,29,78,69,1.362,2.268,2,Low
2026-07-24 15:40:15,31,81,72,1.362,2.201,3,Low
2026-07-24 15:50:14,32,84,75,1.362,2.269,3,Low
2026-07-24 16:00:50,28,79,70,1.362,2.235,0,Low
2026-07-24 16:36:07,34,87,77,1.362,2.236,1,Low
2026-07-24 16:40:14,33,86,77,1.362,2.204,0,Low
2026-07-24 16:50:15,34,89,80,1.362,2.236,0,Low
2026-07-24 17:00:25,33,78,69,1.362,2.203,1,Low
2026-07-24 17:10:14,32,77,68,1.362,2.203,0,Low
2026-07-24 17:20:14,26,69,59,1.362,2.236,0,Low
2026-07-24 17:30:15,27,68,59,1.362,2.201,1,Low
2026-07-24 17:40:14,28,70,60,1.362,2.236,1,Low
2026-07-24 17:50:11,29,73,62,1.362,2.269,0,Low
2026-07-24 18:10:14,29,72,62,1.362,2.268,0,Low
2026-07-24 18:20:11,28,69,60,1.362,2.236,0,High
2026-07-24 18:30:18,27,67,58,1.362,2.268,0,Low
2026-07-24 18:40:14,26,63,54,1.362,2.269,1,Low
2026-07-24 18:50:14,25,63,52,1.362,2.269,1,Low
2026-07-24 19:00:20,22,62,49,1.362,2.235,0,Low
2026-07-24 19:10:12,25,63,53,1.362,2.269,0,High
2026-07-24 19:20:12,27,60,50,1.334,2.269,0,High
2026-07-24 19:30:23,24,55,45,1.334,2.269,0,High
2026-07-24 19:40:14,25,56,46,1.334,2.27,2,High
2026-07-24 19:50:12,24,49,39,1.336,2.369,0,Low
2026-07-24 20:00:27,25,57,46,1.334,2.528,0,Low
2026-07-24 20:04:32,24,57,46,1.334,2.303,1,Low
2026-07-24 20:10:17,27,60,48,1.336,2.337,1,Low
2026-07-24 20:20:12,24,49,39,1.334,2.269,1,Low
2026-07-24 20:30:16,28,64,54,1.334,2.303,1,Low
2026-07-24 20:40:14,28,61,51,1.334,2.236,2,Low
2026-07-24 20:50:13,27,55,52,1.334,2.268,0,Low
2026-07-24 21:00:21,25,52,49,1.334,2.269,1,Low
2026-07-24 21:10:15,23,52,49,1.334,2.337,2,Low
2026-07-24 21:20:12,24,51,49,1.334,2.303,2,Low
2026-07-24 21:30:15,23,50,48,1.334,2.337,2,Low
2026-07-24 21:40:11,26,53,51,1.334,2.303,3,Low
2026-07-24 21:50:18,27,59,57,1.334,2.337,2,Low
2026-07-24 22:00:20,27,59,57,1.334,2.269,2,Low
2026-07-24 22:10:11,27,59,57,1.334,2.268,3,Low
2026-07-24 22:20:16,30,62,60,1.334,2.269,2,Low
2026-07-24 22:30:15,29,60,58,1.334,2.203,1,Low
2026-07-24 22:40:12,31,61,59,1.334,2.269,1,Low
2026-07-24 22:50:13,33,65,63,1.334,2.269,1,Low
2026-07-24 23:00:22,33,67,65,1.334,2.225,0,Low
2026-07-24 23:10:20,31,65,63,1.336,2.268,0,Low
2026-07-24 23:20:12,33,67,65,1.334,2.269,0,Low
2026-07-24 23:30:18,32,66,64,1.334,2.235,1,Low
2026-07-24 23:40:14,31,65,63,1.334,2.269,2,Low
2026-07-24 23:44:42,31,61,59,1.334,2.326,1,Low
2026-07-24 23:50:13,30,62,60,1.334,2.303,0,Low
2026-07-25 00:00:21,30,63,61,1.334,2.303,0,Low
2026-07-25 00:10:12,31,70,60,1.362,2.403,0,Low
2026-07-25 00:20:13,32,70,60,1.362,2.325,0,Low
2026-07-25 00:30:15,30,68,57,1.362,2.291,1,Low
2026-07-25 00:40:12,30,68,57,1.362,2.291,4,Low
2026-07-25 00:50:12,30,67,56,1.362,2.291,4,Low
2026-07-25 01:02:34,32,68,58,1.362,2.291,4,Low
2026-07-25 01:10:13,29,65,56,1.362,2.269,3,Low
2026-07-25 01:20:41,30,59,48,1.334,2.236,3,Low
2026-07-25 01:30:18,21,48,40,1.334,2.27,1,Low
2026-07-25 01:40:15,22,49,41,1.334,2.202,1,Low
2026-07-25 01:50:10,21,49,41,1.334,2.286,2,Low
2026-07-25 02:00:27,21,49,41,1.334,2.337,3,Low
2026-07-25 02:10:14,22,50,42,1.334,2.312,2,Low
2026-07-25 02:20:12,20,49,41,1.334,2.312,2,Low
2026-07-25 02:30:19,23,51,43,1.334,2.337,2,Low
2026-07-25 02:40:16,19,40,32,1.334,2.27,3,Low
2026-07-25 02:50:14,18,38,30,1.334,2.202,1,Low
2026-07-25 03:00:18,18,39,31,1.334,2.269,2,Low
2026-07-25 03:10:12,19,39,30,1.334,2.27,3,Low
2026-07-25 03:20:18,20,40,31,1.334,2.269,1,Low
2026-07-25 03:30:20,20,41,32,1.334,2.311,1,Low
2026-07-25 03:40:11,21,42,33,1.334,2.27,1,Low
2026-07-25 03:50:14,20,42,34,1.334,2.269,0,Low
2026-07-25 04:02:07,18,37,29,1.334,2.202,1,Low
2026-07-25 04:11:42,18,37,29,1.334,2.128,1,Low
2026-07-25 04:20:14,23,42,34,1.334,2.27,1,Low
2026-07-25 04:30:16,24,44,36,1.334,2.303,0,Low
2026-07-25 04:40:11,23,43,35,1.334,2.337,4,Low
2026-07-25 04:52:45,23,43,35,1.334,2.269,4,Low
2026-07-25 05:00:23,25,46,38,1.334,2.135,1,Low
2026-07-25 05:10:10,22,44,36,1.334,2.202,2,Low
2026-07-25 05:21:43,24,47,39,1.336,2.202,3,Low
2026-07-25 05:30:13,23,46,38,1.334,2.135,4,Low
2026-07-25 05:40:15,25,48,40,1.334,2.135,0,Low
2026-07-25 05:50:11,26,48,37,1.362,2.271,0,Low
2026-07-25 06:02:27,26,56,47,1.334,2.202,0,Low
2026-07-25 06:10:13,28,58,49,1.336,2.202,3,Low
2026-07-25 06:20:18,23,54,45,1.334,2.121,4,Low
2026-07-25 06:35:49,27,60,51,1.334,2.246,4,Low
2026-07-25 06:40:14,27,60,51,1.334,2.136,4,Low
2026-07-25 06:50:17,27,60,51,1.334,2.246,4,Low
2026-07-25 07:00:23,24,55,46,1.334,2.195,4,Low
2026-07-25 07:10:14,23,55,46,1.334,2.337,4,Low
2026-07-25 07:20:15,24,57,48,1.334,2.304,4,Low
2026-07-25 07:30:16,24,54,45,1.336,2.37,4,Low
2026-07-25 07:33:38,24,54,45,1.334,2.338,4,Low
2026-07-25 07:40:18,22,52,43,1.334,2.297,4,Low
2026-07-25 07:51:38,24,54,45,1.334,2.269,4,Low
2026-07-25 08:00:20,24,54,45,1.334,2.269,4,Low
2026-07-25 08:10:11,22,52,43,1.334,2.298,4,Low
2026-07-25 08:20:15,20,46,37,1.336,2.298,4,Low
2026-07-25 08:31:59,20,39,30,1.334,2.269,3,Low
2026-07-25 08:40:14,21,47,38,1.336,2.27,3,Low
2026-07-25 08:50:13,19,47,39,1.336,2.269,4,Low
2026-07-25 09:03:30,17,45,36,1.334,2.673,4,Low
2026-07-25 09:10:17,17,43,35,1.336,2.313,4,Low
2026-07-25 09:20:13,17,42,33,1.334,2.656,4,Low
2026-07-25 09:30:19,17,42,33,1.334,2.801,4,Low
2026-07-25 09:42:05,16,41,32,1.334,2.735,3,Low
2026-07-25 09:51:29,19,47,38,1.334,2.313,4,Low
2026-07-25 10:02:27,21,49,40,1.334,2.669,3,Low
2026-07-25 10:10:13,21,47,38,1.336,2.592,3,Low
2026-07-25 10:20:11,20,48,39,1.334,2.576,3,Low
2026-07-25 10:30:15,19,47,38,1.362,2.313,3,Low
2026-07-25 10:40:15,20,46,37,1.334,2.684,4,Low
2026-07-25 10:50:14,22,48,37,1.334,2.868,3,Low
2026-07-25 11:02:27,24,59,48,1.334,2.961,2,Low
2026-07-25 11:10:12,24,57,47,1.334,2.961,3,Low
2026-07-25 11:20:14,,,,,,4,Low
2026-07-25 11:30:15,29,70,60,1.336,2.269,4,Low
2026-07-25 11:40:13,27,73,62,1.336,2.269,4,Low
2026-07-25 11:47:57,27,73,63,1.334,2.522,4,Low
2026-07-25 11:50:12,28,72,62,1.334,2.43,4,Low
2026-07-25 12:02:04,30,74,64,1.362,2.462,4,Low
2026-07-25 12:10:11,28,71,61,1.334,2.269,2,Low
2026-07-25 12:20:12,29,75,65,1.334,2.337,2,Low
2026-07-25 12:30:16,26,72,62,1.336,2.269,2,Low
2026-07-25 12:40:17,25,69,59,1.334,2.656,1,Low
2026-07-25 12:50:13,24,72,62,1.334,2.269,1,Low
2026-07-25 13:00:24,26,67,56,1.336,2.269,2,Low
2026-07-25 13:10:14,30,77,67,1.336,2.312,2,Low
2026-07-25 13:20:14,27,75,65,1.362,2.337,3,Low
2026-07-25 13:30:19,27,74,64,1.334,2.337,3,Low
2026-07-25 13:40:14,28,74,64,1.334,2.496,3,Low
2026-07-25 13:50:14,27,70,60,1.334,2.656,3,Low
2026-07-25 14:00:18,27,72,62,1.334,2.522,3,Low
2026-07-25 14:10:12,28,75,65,1.334,2.43,3,Low
2026-07-25 14:20:14,31,79,69,1.334,2.337,4,Low
2026-07-25 14:30:15,32,79,69,1.334,2.305,2,Low
2026-07-25 14:41:36,31,78,67,1.334,2.269,0,Low
2026-07-25 14:50:11,33,80,69,1.334,2.269,0,Low
2026-07-25 15:00:21,32,75,64,1.334,2.269,1,Low
2026-07-25 15:10:16,30,73,62,1.336,2.264,4,Low
2026-07-25 15:20:16,34,79,69,1.334,2.303,4,Low
2026-07-25 15:30:17,34,79,69,1.334,2.303,4,Low
2026-07-25 15:40:13,34,69,59,1.362,2.269,4,Low
2026-07-25 15:45:28,32,69,59,1.334,2.303,4,Low
2026-07-25 15:50:19,32,67,56,1.362,2.269,4,Low
2026-07-25 16:00:16,31,66,56,1.334,2.38,4,Low
2026-07-25 16:10:13,31,66,56,1.334,2.38,4,Low
2026-07-25 16:20:12,32,67,56,1.336,2.303,3,Low
2026-07-25 16:30:17,30,65,55,1.334,2.269,1,Low
2026-07-25 16:40:14,28,64,54,1.334,2.269,0,Low
2026-07-25 16:50:12,27,63,53,1.334,2.27,0,Low
2026-07-25 17:00:20,27,63,52,1.334,2.38,0,Low
2026-07-25 17:10:13,29,65,55,1.334,2.337,0,Low
2026-07-25 17:20:13,26,61,51,1.362,2.438,1,Low
2026-07-25 17:31:53,28,64,53,1.334,2.438,0,Low
2026-07-25 17:40:15,25,61,50,1.334,2.522,0,Low
2026-07-25 17:50:13,27,63,53,1.334,2.536,2,Low
2026-07-25 18:00:20,28,67,57,1.334,2.472,2,Low
2026-07-25 18:10:12,26,67,57,1.334,2.658,2,Low
2026-07-25 18:20:14,25,66,56,1.362,2.536,0,Low
2026-07-25 18:31:49,28,68,58,1.362,2.49,0,Low
2026-07-25 18:40:13,24,63,53,1.362,2.658,1,Low
2026-07-25 18:50:12,21,54,44,1.362,2.801,1,Low
2026-07-25 19:00:17,25,59,47,1.362,2.536,3,Low
2026-07-25 19:10:14,24,58,47,1.362,2.468,1,Low
2026-07-25 19:20:13,27,60,49,1.362,2.401,1,Low
2026-07-25 19:30:14,27,61,51,1.362,2.269,3,Low
2026-07-25 19:40:13,23,56,46,1.734,2.642,3,Low
2026-07-25 19:50:47,26,67,57,1.362,2.625,3,Low
2026-07-25 20:00:22,27,68,58,1.362,2.522,4,Low
2026-07-25 20:02:26,27,68,57,1.362,2.401,3,Low
2026-07-25 20:10:12,24,65,54,1.362,2.625,3,Low
2026-07-25 20:20:15,27,67,56,1.362,2.713,3,Low
2026-07-25 20:31:46,27,60,49,1.362,2.633,3,Low
2026-07-25 20:40:14,27,61,51,1.362,2.642,3,Low
2026-07-25 20:50:15,25,59,49,1.362,2.801,3,Low
2026-07-25 21:00:21,24,58,48,1.362,2.802,2,Low
2026-07-25 21:10:20,26,65,55,1.362,2.737,3,Low
2026-07-25 21:20:12,23,64,55,1.362,2.802,2,Low
2026-07-25 21:30:14,25,67,58,1.362,2.673,2,Low
2026-07-25 21:40:12,24,62,52,1.362,2.589,2,Low
2026-07-25 21:50:14,25,64,53,1.362,2.642,3,Low
2026-07-25 22:00:18,23,66,58,1.362,2.642,2,Low
2026-07-25 22:10:16,24,65,57,1.362,2.456,1,Low
2026-07-25 22:20:13,26,64,56,1.362,2.712,4,Low
2026-07-25 22:31:55,25,63,55,1.362,2.536,3,Low
2026-07-25 22:40:12,21,59,51,1.362,2.536,2,Low
2026-07-25 22:50:14,23,61,52,1.362,2.536,4,Low
2026-07-25 23:01:52,,,,,,2,Low
2026-07-25 23:10:12,24,69,59,1.362,2.236,2,Low
2026-07-25 23:20:14,28,72,63,1.362,2.371,4,Low
2026-07-25 23:32:09,26,72,63,1.362,2.304,3,Low
2026-07-25 23:40:14,26,70,61,1.362,2.491,3,Low
2026-07-25 23:43:41,28,72,63,1.362,2.37,3,Low
2026-07-25 23:50:13,28,72,62,1.362,2.304,4,Low
2026-07-26 00:00:20,25,70,60,1.362,2.34,4,Low
2026-07-26 00:10:15,27,74,65,1.362,2.403,3,Low
2026-07-26 00:20:15,27,73,63,1.362,2.203,4,Low
2026-07-26 00:31:56,28,74,64,1.362,2.304,4,Low
2026-07-26 00:40:15,29,74,64,1.362,2.269,4,Low
2026-07-26 00:50:11,27,74,65,1.362,2.401,4,Low
2026-07-26 01:00:22,24,71,62,1.362,2.583,3,Low
2026-07-26 01:10:16,25,71,61,1.362,2.269,3,Low
2026-07-26 01:20:14,,,,,,3,Low
2026-07-26 01:30:14,26,72,63,1.362,2.522,3,Low
2026-07-26 01:40:12,26,71,62,1.362,2.335,3,Low
2026-07-26 01:50:13,25,72,63,1.362,2.269,2,Low
2026-07-26 02:00:19,25,71,62,1.362,2.403,3,Low
2026-07-26 02:10:13,25,67,58,1.362,2.536,2,Low
2026-07-26 02:20:13,23,61,52,1.362,2.403,4,Low
2026-07-26 02:30:13,25,62,53,1.362,2.401,3,Low
2026-07-26 02:40:16,26,63,54,1.362,2.582,2,Low
2026-07-26 02:50:11,25,63,53,1.362,2.642,2,Low
2026-07-26 03:00:16,26,62,53,1.362,2.45,3,Low
2026-07-26 03:10:16,27,62,53,1.362,2.522,2,Low
2026-07-26 03:20:12,30,75,66,1.362,2.511,4,Low
2026-07-26 03:31:48,29,72,63,1.362,2.366,2,Low
2026-07-26 03:40:13,29,77,68,1.362,2.499,2,Low
2026-07-26 03:50:13,31,77,67,1.362,2.642,2,Low
2026-07-26 04:02:12,31,80,71,1.362,2.499,3,Low
2026-07-26 04:10:13,31,76,67,1.362,2.401,3,Low
2026-07-26 04:21:47,31,76,67,1.362,2.353,3,Low
2026-07-26 04:30:15,34,79,70,1.362,2.34,3,Low
2026-07-26 04:40:11,30,74,64,1.362,2.371,4,Low
2026-07-26 04:50:13,34,79,70,1.362,2.304,4,Low
2026-07-26 05:00:21,30,73,64,1.362,2.333,4,Low
2026-07-26 05:10:14,30,73,63,1.362,2.298,4,Low
2026-07-26 05:21:46,36,82,73,1.362,2.402,3,Low
2026-07-26 05:32:00,32,73,64,1.362,2.37,3,Low
2026-07-26 05:40:17,33,74,65,1.362,2.326,3,Low
2026-07-26 05:51:35,29,56,47,1.362,2.135,3,Low
2026-07-26 06:00:25,29,49,40,1.362,2.135,3,Low
2026-07-26 06:11:13,28,48,39,1.362,2.235,3,Low
2026-07-26 06:21:24,27,45,36,1.362,2.269,3,Low
2026-07-26 06:30:15,27,44,35,1.362,2.269,3,Low
2026-07-26 06:40:13,25,42,33,1.362,2.269,3,Low
2026-07-26 06:50:57,24,41,31,1.362,2.235,3,Low
2026-07-26 07:00:18,23,44,33,1.362,2.286,4,Low
2026-07-26 07:11:06,23,44,34,1.336,2.269,2,Low
2026-07-26 07:20:14,26,51,41,1.336,2.293,3,Low
2026-07-26 07:30:18,24,46,36,1.336,2.325,2,Low
2026-07-26 07:40:15,29,59,49,1.336,2.273,3,Low
2026-07-26 07:50:12,30,60,50,1.336,2.369,1,Low
2026-07-26 07:58:38,30,59,49,1.336,2.343,2,Low
2026-07-26 08:00:19,28,57,47,1.336,2.343,2,Low
2026-07-26 08:10:14,27,56,45,1.336,2.337,2,Low
2026-07-26 08:20:15,28,57,47,1.336,2.35,3,Low
2026-07-26 08:30:15,28,66,56,1.336,2.35,3,Low
2026-07-26 08:40:15,29,66,55,1.336,2.269,3,Low
2026-07-26 08:50:13,31,68,56,1.336,2.401,3,Low
2026-07-26 09:01:17,,,,,,3,Low
2026-07-26 09:10:13,32,69,58,1.336,2.236,3,Low
2026-07-26 09:20:16,30,67,57,1.336,2.236,3,Low
2026-07-26 09:32:01,30,74,64,1.336,2.236,4,Low
2026-07-26 09:40:12,32,76,66,1.336,2.236,4,Low
2026-07-26 09:51:38,32,70,60,1.336,2.235,4,Low
2026-07-26 10:03:28,31,66,55,1.336,2.201,4,Low
2026-07-26 10:10:13,30,64,53,1.336,2.235,4,Low
2026-07-26 10:20:15,33,72,61,1.336,2.135,3,Low
2026-07-26 10:31:05,32,71,60,1.336,2.235,3,Low
2026-07-26 10:41:42,30,67,56,1.336,2.231,0,Low
2026-07-26 10:50:16,33,81,70,1.336,2.246,0,Low
2026-07-26 11:00:18,33,82,71,1.336,2.203,0,Low
2026-07-26 11:10:15,32,81,70,1.336,2.224,1,Low
2026-07-26 11:20:15,32,82,70,1.336,2.211,0,Low
2026-07-26 11:30:17,29,77,65,1.336,2.26,0,Low
2026-07-26 11:41:08,30,77,65,1.336,2.224,1,Low
2026-07-26 11:48:58,31,79,67,1.336,2.269,1,Low
2026-07-26 11:51:19,32,81,69,1.336,2.258,1,Low
2026-07-26 12:00:19,28,76,64,1.336,2.375,1,Low
2026-07-26 12:10:16,30,80,68,1.336,2.436,1,Low
2026-07-26 12:20:12,28,75,63,1.336,2.375,1,Low
2026-07-26 12:30:15,26,66,54,1.336,2.309,0,Low
2026-07-26 12:40:11,25,64,52,1.336,2.269,0,Low
2026-07-26 12:50:12,27,73,61,1.336,2.401,0,Low
2026-07-26 13:00:18,29,78,66,1.336,2.401,1,Low
2026-07-26 13:10:13,31,76,64,1.336,2.269,0,Low
2026-07-26 13:20:13,33,79,67,1.336,2.269,1,Low
2026-07-26 13:30:14,31,76,64,1.336,2.203,1,Low
2026-07-26 13:40:16,31,76,64,1.336,2.233,1,Low
2026-07-26 13:50:13,29,65,53,1.336,2.232,2,Low
2026-07-26 14:02:12,26,61,49,1.336,2.22,1,Low
2026-07-26 14:10:17,30,65,53,1.336,2.251,1,Low
2026-07-26 14:20:14,25,59,47,1.336,2.269,2,Low
2026-07-26 14:30:17,28,71,59,1.336,2.269,1,Low
2026-07-26 14:41:34,31,71,59,1.336,2.269,0,Low
2026-07-26 14:50:12,29,69,57,1.336,2.233,0,Low
2026-07-26 15:01:48,29,69,57,1.336,2.269,0,Low
2026-07-26 15:10:15,30,70,58,1.336,2.269,0,Low
2026-07-26 15:20:18,30,68,56,1.336,2.251,0,Low
2026-07-26 15:32:26,27,65,53,1.336,2.233,0,Low
2026-07-26 15:40:15,26,65,53,1.336,2.244,0,Low
2026-07-26 15:44:23,26,63,53,1.336,2.244,1,Low
2026-07-26 15:50:12,27,64,54,1.336,2.22,0,Low
2026-07-26 16:00:22,28,65,55,1.336,2.244,1,Low
2026-07-26 16:10:13,27,60,50,1.336,2.203,0,Low
2026-07-26 16:20:13,30,61,51,1.336,2.202,1,Low
2026-07-26 16:30:16,29,68,58,1.336,2.203,2,Low
2026-07-26 16:40:12,29,68,59,1.336,2.269,0,Low
2026-07-26 16:50:14,28,63,53,1.336,2.456,0,Low
2026-07-26 17:10:15,27,71,62,1.336,2.668,1,Low
2026-07-26 17:20:12,31,76,67,1.336,2.269,1,Low
2026-07-26 17:30:13,29,76,65,1.336,2.268,0,Low
2026-07-26 17:40:11,31,78,66,1.336,2.268,0,Low
2026-07-26 17:50:13,31,79,68,1.336,2.267,0,Low
2026-07-26 18:00:21,32,75,64,1.336,2.235,0,Low
2026-07-26 18:10:15,30,71,60,1.336,2.268,0,Low
2026-07-26 18:20:14,32,81,69,1.336,2.396,0,Low
2026-07-26 18:30:14,34,85,72,1.336,2.456,0,Low
2026-07-26 18:40:13,32,84,73,1.336,2.611,0,Low
2026-07-26 18:50:13,30,80,69,0.936,2.537,0,Low
2026-07-26 19:00:16,31,81,69,0.936,2.642,0,Low
2026-07-26 19:10:11,29,74,63,0.936,2.642,0,Low
2026-07-26 19:20:14,26,66,55,0.936,2.662,0,Low
2026-07-26 19:30:13,25,65,54,1.335,2.793,0,Low
2026-07-26 19:40:11,23,58,47,1.335,2.801,1,Low
2026-07-26 19:50:15,21,52,40,0.936,2.642,0,Low
2026-07-26 20:00:16,21,48,37,0.936,2.642,1,Low
2026-07-26 20:10:16,22,48,37,0.936,2.462,0,Low
2026-07-26 20:20:13,28,53,42,0.936,2.336,0,Low
2026-07-26 20:32:08,29,53,42,0.936,2.27,0,Low
2026-07-26 20:40:15,29,56,45,0.936,2.499,0,Low
2026-07-26 20:50:11,26,51,40,0.936,2.582,0,Low
2026-07-26 21:01:57,28,54,43,0.936,2.396,1,Low
2026-07-26 21:10:12,28,57,46,0.936,2.51,0,Low
2026-07-26 21:20:14,27,56,45,0.936,2.522,0,Low
2026-07-26 21:30:16,28,58,45,0.936,2.396,0,Low
2026-07-26 21:40:15,19,43,31,0.936,2.269,0,Low
2026-07-26 21:50:14,20,45,34,0.936,2.137,0,Low
2026-07-26 22:00:15,24,50,36,0.936,2.384,0,Low
2026-07-26 22:10:15,24,50,36,0.936,2.269,0,Low
2026-07-26 22:20:14,23,51,39,0.936,2.269,0,Low
2026-07-26 22:32:00,22,50,38,0.936,2.396,2,Low
2026-07-26 22:40:10,20,48,36,0.936,2.268,2,Low
2026-07-26 22:50:13,21,54,44,0.936,2.267,2,Low
2026-07-26 23:02:04,20,48,38,0.936,2.317,1,Low
2026-07-26 23:10:15,22,50,40,0.936,2.268,1,Low
2026-07-26 23:20:12,25,55,45,0.936,2.267,1,Low
2026-07-26 23:30:14,26,56,45,0.936,2.268,2,Low
2026-07-26 23:40:12,28,51,40,0.936,2.268,2,Low
2026-07-26 23:40:59,28,51,40,0.936,2.268,2,Low
2026-07-26 23:50:11,25,47,35,0.936,2.269,2,Low
2026-07-27 00:00:19,25,45,34,0.936,2.269,1,Low
2026-07-27 00:10:13,24,43,32,0.936,2.269,1,Low
2026-07-27 00:20:13,24,40,29,0.936,2.269,1,Low
2026-07-27 00:32:23,24,40,29,0.936,2.269,3,Low
2026-07-27 00:40:14,25,41,30,0.936,2.269,3,Low
2026-07-27 00:50:15,26,45,34,0.936,2.269,3,Low
2026-07-27 01:00:20,27,47,35,0.936,2.269,3,Low
2026-07-27 01:10:14,28,55,43,0.936,2.269,4,Low
2026-07-27 01:20:11,24,53,41,0.936,2.336,3,Low
2026-07-27 01:30:19,25,53,40,0.936,2.401,3,Low
2026-07-27 01:40:12,23,52,38,1.47,2.403,3,Low
2026-07-27 01:50:13,20,44,30,1.47,2.522,3,Low
2026-07-27 02:00:22,20,43,29,1.336,2.336,3,Low
2026-07-27 02:10:11,21,46,33,1.336,2.642,3,Low
2026-07-27 02:20:14,21,44,31,1.336,2.642,3,Low
2026-07-27 02:30:20,22,45,32,1.336,2.595,4,Low
2026-07-27 02:40:15,26,47,34,0.936,2.462,4,Low
2026-07-27 02:50:25,23,44,30,0.936,2.511,4,Low
2026-07-27 03:00:20,,,,,,3,Low
2026-07-27 03:11:34,21,40,26,0.936,2.403,2,Low
2026-07-27 03:20:14,22,42,28,0.936,2.582,2,Low
2026-07-27 03:30:15,23,43,29,0.936,2.403,3,Low
2026-07-27 03:40:17,20,46,33,1.47,2.655,0,Low
2026-07-27 03:50:12,19,47,35,2.001,2.934,1,Low
2026-07-27 04:00:17,23,52,40,1.47,2.522,0,Low
2026-07-27 04:10:16,23,55,41,0.936,2.522,1,Low
2026-07-27 04:20:12,22,49,35,0.936,2.655,0,Low
2026-07-27 04:31:50,22,51,38,0.936,2.801,0,Low
2026-07-27 04:40:12,22,50,36,0.936,2.801,0,Low
2026-07-27 04:50:11,25,56,44,0.936,2.668,1,Low
2026-07-27 05:00:22,25,58,46,0.936,2.668,0,Low
2026-07-27 05:10:11,27,60,48,0.936,2.522,0,Low
2026-07-27 05:20:17,28,59,47,0.936,2.617,2,Low
2026-07-27 05:30:17,25,52,39,0.936,2.269,1,Low
2026-07-27 05:40:14,25,52,40,0.936,2.269,0,Low
2026-07-27 05:50:13,23,53,41,1.336,2.401,0,Low
2026-07-27 06:00:20,23,57,45,1.336,2.668,1,Low
2026-07-27 06:10:11,24,60,48,1.336,2.735,1,Low
2026-07-27 06:20:13,25,60,48,1.336,2.642,1,Low
2026-07-27 06:30:15,24,58,46,1.336,2.735,2,Low
2026-07-27 06:40:13,24,58,46,1.336,2.738,2,Low
2026-07-27 06:50:12,23,51,38,1.336,2.401,2,Low
2026-07-27 07:00:37,27,53,41,1.336,2.403,2,Low
2026-07-27 07:10:15,24,50,38,1.336,2.402,2,Low
2026-07-27 07:20:13,24,53,41,1.336,2.522,2,Low
2026-07-27 07:30:18,,,,,,3,Low
2026-07-27 07:40:12,22,50,38,1.336,2.522,2,Low
2026-07-27 07:50:15,24,53,40,1.336,2.655,1,Low
2026-07-27 08:00:24,25,56,44,1.336,2.403,0,Low
2026-07-27 08:10:12,24,53,41,1.336,2.522,0,Low
2026-07-27 08:20:14,24,48,36,1.336,2.402,0,Low
2026-07-27 08:30:19,22,43,28,1.336,2.309,0,Low
2026-07-27 08:40:11,20,41,28,1.336,2.375,0,Low
2026-07-27 08:50:14,23,50,38,1.336,2.401,0,Low
2026-07-27 09:00:25,25,52,40,1.336,2.269,0,Low
2026-07-27 09:10:16,23,47,35,1.336,2.401,0,Low
2026-07-27 09:20:15,24,50,36,1.336,2.401,0,Low
2026-07-27 09:30:19,24,51,39,1.336,2.401,0,Low
2026-07-27 09:40:13,24,53,41,1.336,2.402,0,Low
2026-07-27 09:50:12,23,52,40,1.336,2.401,0,Low
2026-07-27 10:00:22,23,54,40,1.336,2.642,0,Low
2026-07-27 10:10:15,23,54,43,1.336,2.592,0,Low
2026-07-27 10:20:16,22,52,40,1.336,2.576,1,Low
2026-07-27 10:30:17,21,48,39,1.336,2.642,0,Low
2026-07-27 10:40:13,22,53,41,1.336,2.655,0,Low
2026-07-27 10:50:15,22,52,37,1.336,2.522,1,Low
2026-07-27 11:00:20,20,50,41,1.336,2.522,0,Low
2026-07-27 11:10:15,21,51,41,1.336,2.642,2,Low
2026-07-27 11:20:12,19,49,39,1.336,2.403,1,Low
2026-07-27 11:30:13,18,47,32,1.336,2.535,1,Low
2026-07-27 11:40:13,21,47,35,1.336,2.642,0,Low
2026-07-27 11:50:11,21,47,35,1.336,2.403,1,Low
2026-07-27 12:00:20,21,48,37,1.336,2.401,0,Low
2026-07-27 12:01:28,21,48,37,1.336,2.401,0,Low
2026-07-27 12:10:13,22,54,42,1.336,2.402,0,Low
2026-07-27 12:20:11,21,50,38,1.336,2.401,1,Low
2026-07-27 12:30:23,22,51,40,1.336,2.401,2,Low
2026-07-27 12:40:18,21,43,31,1.336,2.401,0,Low
2026-07-27 12:50:16,21,43,29,1.336,2.401,1,Low
2026-07-27 13:00:27,21,42,33,1.336,2.402,1,Low
2026-07-27 13:10:21,23,47,35,1.336,2.401,0,Low
2026-07-27 13:20:16,,,,,,0,Low
2026-07-27 13:30:16,19,41,33,1.336,2.401,0,Low
2026-07-27 13:40:14,20,49,37,1.336,2.402,1,Low
2026-07-27 13:50:12,18,47,34,1.336,2.522,1,Low
2026-07-27 14:00:25,17,46,35,1.336,2.642,1,Low
2026-07-27 14:10:14,18,46,35,1.336,2.522,0,Low
2026-07-27 14:20:15,18,47,36,1.336,2.402,0,Low
2026-07-27 14:30:19,18,47,35,1.336,2.522,0,Low
2026-07-27 14:40:16,18,48,36,1.336,2.336,0,Low
2026-07-27 14:50:25,19,48,37,1.336,2.402,0,Low
2026-07-27 15:00:20,18,40,27,1.336,2.402,1,Low
2026-07-27 15:10:15,19,39,26,1.336,2.402,0,Low
2026-07-27 15:20:16,17,37,25,1.336,2.642,0,Low
2026-07-27 15:30:17,18,35,24,1.336,2.788,0,Low
2026-07-27 15:40:16,20,45,34,1.335,2.522,0,Low
2026-07-27 15:50:13,18,41,27,1.335,2.336,1,Low
2026-07-27 16:00:27,19,43,30,1.335,2.401,0,Low
2026-07-27 16:10:19,15,37,21,1.336,2.656,1,Low
2026-07-27 16:20:14,17,40,26,1.336,2.403,0,Low
2026-07-27 16:30:26,18,39,27,1.336,2.369,0,Low
2026-07-27 16:40:14,17,46,32,1.336,2.401,0,Low
2026-07-27 16:50:21,17,45,33,1.336,2.642,0,Low
2026-07-27 17:00:33,17,46,31,1.336,2.401,0,Low
2026-07-27 17:10:14,18,47,35,1.336,2.522,0,Low
2026-07-27 17:20:13,18,49,34,1.336,2.788,0,Low
2026-07-27 17:30:18,20,51,35,1.336,2.655,1,Low
2026-07-27 17:40:14,16,38,31,1.336,2.655,0,Low
2026-07-27 17:50:22,19,45,40,1.336,2.642,0,Low
2026-07-27 18:00:23,18,42,37,1.336,2.728,4,Low
2026-07-27 18:01:15,18,45,39,1.336,2.788,4,Low
2026-07-27 18:10:15,20,53,40,1.336,2.868,4,Low
2026-07-27 18:20:19,22,55,41,1.336,2.868,4,Low
2026-07-27 18:30:26,24,65,49,1.336,2.617,4,Low
2026-07-27 18:40:18,25,66,52,1.336,2.522,2,Low
2026-07-27 18:50:18,25,65,52,1.336,2.522,2,Low
2026-07-27 19:00:30,23,59,46,1.336,2.642,2,Low
2026-07-27 19:10:19,20,50,34,1.336,2.402,2,Low
2026-07-27 19:20:13,22,54,42,1.336,2.402,2,Low
2026-07-27 19:30:15,22,53,39,1.336,2.402,2,Low
2026-07-27 19:40:19,21,56,43,1.336,2.522,2,Low
2026-07-27 19:50:19,21,51,39,1.336,2.642,2,Low
2026-07-27 20:00:21,22,52,40,1.336,2.522,4,Low
2026-07-27 20:10:12,25,64,49,1.336,2.403,3,Low
2026-07-27 20:20:19,23,53,42,1.336,2.402,2,Low
2026-07-27 20:30:16,22,51,35,1.336,2.402,3,Low
2026-07-27 20:40:20,19,45,31,1.491,2.403,3,Low
2026-07-27 20:50:13,21,53,39,1.336,2.402,2,Low
2026-07-27 21:00:24,27,64,50,1.336,2.402,2,Low
2026-07-27 21:10:17,27,66,55,1.336,2.402,3,Low
2026-07-27 21:20:15,29,60,48,1.336,2.402,3,Low
2026-07-27 21:30:16,27,66,55,1.336,2.402,4,Low
2026-07-27 21:40:16,24,61,49,1.336,2.402,3,Low
2026-07-27 21:50:14,23,62,51,1.336,2.403,3,Low
2026-07-27 21:53:07,24,66,52,1.336,2.402,3,Low
2026-07-27 22:00:25,22,57,44,1.336,2.529,3,Low
2026-07-27 22:10:18,21,55,41,1.336,2.401,3,Low
2026-07-27 22:20:14,26,62,51,1.336,2.437,4,Low
2026-07-27 22:30:16,22,60,48,1.336,2.395,4,Low
2026-07-27 22:40:13,25,61,49,1.336,2.401,4,Low
2026-07-27 22:50:19,24,63,51,1.336,2.529,4,Low
2026-07-27 23:00:23,21,56,45,1.336,2.592,3,Low
2026-07-27 23:10:13,18,53,39,1.336,2.371,4,Low
2026-07-27 23:20:15,21,55,44,1.336,2.401,4,Low
2026-07-27 23:30:17,23,58,47,1.336,2.34,4,Low
2026-07-27 23:40:12,24,59,48,1.336,2.371,2,Low
2026-07-27 23:50:19,23,58,47,1.336,2.401,2,Low
2026-07-28 00:00:27,22,55,44,1.336,2.371,2,Low
2026-07-28 00:10:19,24,59,48,1.336,2.402,2,Low
2026-07-28 00:20:12,25,61,50,1.336,2.401,2,Low
2026-07-28 00:30:13,22,64,53,1.336,2.402,4,Low
2026-07-28 00:40:17,23,68,55,1.336,2.268,3,Low
2026-07-28 00:50:18,22,68,57,1.336,2.357,3,Low
2026-07-28 01:00:29,22,66,54,1.336,2.402,4,Low
2026-07-28 01:10:11,26,69,58,1.336,2.402,4,Low
2026-07-28 01:20:15,24,64,53,1.336,2.522,4,Low
2026-07-28 01:30:22,26,66,55,1.336,2.402,4,Low
2026-07-28 01:40:21,23,54,43,1.336,2.403,4,Low
2026-07-28 01:50:16,23,58,44,1.336,2.642,3,Low
2026-07-28 02:00:28,20,54,40,1.336,2.522,2,Low
2026-07-28 02:10:24,23,59,48,1.336,2.642,2,Low
2026-07-28 02:20:19,20,55,44,1.336,2.801,3,Low
2026-07-28 02:30:20,23,58,47,1.336,2.522,3,Low
2026-07-28 02:40:15,21,58,44,1.336,2.668,2,Low
2026-07-28 02:50:11,21,57,46,1.336,2.668,4,Low
2026-07-28 03:00:28,21,57,46,1.336,2.668,4,Low
2026-07-28 03:10:14,24,60,49,1.336,2.462,4,Low
2026-07-28 03:20:14,23,57,46,1.336,2.642,4,Low
2026-07-28 03:30:14,25,58,44,1.336,2.668,4,Low
2026-07-28 03:40:20,24,56,45,1.336,2.617,4,Low
2026-07-28 03:50:20,24,57,46,1.336,2.595,4,Low
2026-07-28 04:00:18,24,57,47,1.336,2.476,4,Low
2026-07-28 04:10:15,23,56,45,1.336,2.522,4,Low
2026-07-28 04:20:12,22,55,45,1.336,2.402,4,Low
2026-07-28 04:30:20,24,59,49,1.336,2.402,4,Low
2026-07-28 04:40:16,23,55,42,1.336,2.401,3,Low
2026-07-28 04:50:22,24,57,43,1.336,2.402,4,Low
2026-07-28 05:00:29,24,58,46,1.336,2.402,3,Low
2026-07-28 05:10:14,24,60,45,1.336,2.402,4,Low
2026-07-28 05:20:18,26,64,51,1.336,2.462,3,Low
2026-07-28 05:30:23,25,62,49,1.336,2.403,4,Low
2026-07-28 05:40:20,24,57,44,1.336,2.462,4,Low
2026-07-28 05:50:21,25,61,45,1.336,2.401,3,Low
2026-07-28 06:00:28,23,55,40,1.336,2.401,1,Low
2026-07-28 06:10:12,22,53,38,1.336,2.369,4,Low
2026-07-28 06:20:19,25,60,47,1.336,2.522,1,Low
2026-07-28 06:30:27,24,59,46,1.336,2.595,0,Low
2026-07-28 06:40:21,25,60,47,1.336,2.402,0,Low
2026-07-28 06:50:21,26,59,43,1.336,2.462,2,Low
2026-07-28 07:00:22,27,60,44,1.336,2.592,3,Low
2026-07-28 07:10:27,24,57,41,1.47,2.529,4,Low
2026-07-28 07:20:18,26,58,42,1.47,2.401,3,Low
2026-07-28 07:30:24,23,55,39,1.336,2.401,3,Low
2026-07-28 07:40:15,24,56,41,1.336,2.497,3,Low
2026-07-28 07:47:55,21,46,32,1.336,2.401,2,Low
2026-07-28 07:50:23,24,49,32,1.336,2.456,3,Low
2026-07-28 08:00:21,22,45,31,1.336,2.517,3,Low
2026-07-28 08:10:20,19,41,27,1.336,2.401,4,Low
2026-07-28 08:20:21,17,39,25,1.336,2.401,4,Low
2026-07-28 08:30:24,18,37,23,1.336,2.402,3,Low
2026-07-28 08:40:16,18,35,29,1.336,2.401,3,Low
2026-07-28 08:50:16,19,39,34,1.336,2.401,3,Low
2026-07-28 09:00:20,19,42,36,1.336,2.401,3,Low
2026-07-28 09:10:21,20,45,40,1.336,2.401,2,Low
2026-07-28 09:20:20,22,46,40,1.336,2.269,1,Low
2026-07-28 09:30:25,24,49,40,1.336,2.402,1,Low
2026-07-28 09:40:12,21,46,38,1.336,2.401,0,Low
2026-07-28 09:50:18,23,48,40,1.336,2.401,2,Low
2026-07-28 10:00:25,26,56,49,1.336,2.351,0,Low
2026-07-28 10:10:14,26,50,42,1.336,2.401,2,Low
2026-07-28 10:20:14,26,56,48,1.336,2.344,1,Low
2026-07-28 10:30:22,27,55,48,1.336,2.401,0,Low
2026-07-28 10:40:21,23,53,46,1.336,2.401,0,Low
2026-07-28 10:50:19,24,54,47,1.336,2.402,0,Low
2026-07-28 11:00:21,20,47,42,1.336,2.468,1,Low
2026-07-28 11:10:18,23,56,51,1.336,2.401,3,Low
2026-07-28 11:20:20,20,53,48,1.336,2.462,1,Low
2026-07-28 11:30:16,22,52,46,1.336,2.528,1,Low
2026-07-28 11:40:14,23,54,47,1.336,2.522,4,Low
2026-07-28 11:50:16,22,55,49,1.336,2.476,4,Low
2026-07-28 12:00:23,23,53,45,1.336,2.522,2,Low
2026-07-28 12:10:16,22,48,41,1.336,2.563,2,Low
2026-07-28 12:20:21,23,56,49,1.336,2.401,2,Low
2026-07-28 12:30:17,23,55,47,1.336,2.273,1,Low
2026-07-28 12:40:12,21,52,46,1.336,2.401,2,Low
2026-07-28 12:50:20,20,52,47,1.336,2.468,1,Low
2026-07-28 13:00:28,19,51,43,1.336,2.535,3,Low
2026-07-28 13:10:21,21,53,45,1.336,2.401,2,Low
2026-07-28 13:20:14,18,39,31,1.336,2.468,1,Low
2026-07-28 13:22:18,16,38,32,1.336,2.469,1,Low
2026-07-28 13:30:21,17,39,33,1.336,2.536,1,Low
2026-07-28 13:40:20,16,38,32,1.336,2.469,1,Low
2026-07-28 13:50:21,17,37,29,1.336,2.642,0,Low
2026-07-28 14:00:24,16,36,28,1.336,2.762,0,Low
2026-07-28 14:10:18,16,38,31,1.336,2.702,0,Low
2026-07-28 14:20:21,20,44,37,1.335,2.338,0,Low
2026-07-28 14:30:23,16,39,32,1.335,2.702,0,Low
2026-07-28 14:40:21,16,42,35,1.335,2.535,0,Low
2026-07-28 14:50:16,18,43,36,1.335,2.331,0,Low
2026-07-28 15:00:29,17,43,36,1.335,2.401,0,Low
2026-07-28 15:10:26,20,45,39,1.335,2.602,0,Low
2026-07-28 15:20:16,19,38,32,1.335,2.401,1,Low
2026-07-28 15:30:17,20,45,38,1.335,2.602,0,Low
2026-07-28 15:40:16,21,43,36,1.335,2.27,1,Low
2026-07-28 15:50:16,18,41,35,1.335,2.264,0,Low
2026-07-28 16:00:26,22,44,38,1.335,2.269,1,Low
2026-07-28 16:10:21,22,45,39,1.335,2.335,1,Low
2026-07-28 16:20:13,23,45,39,1.335,2.337,2,Low
2026-07-28 16:30:21,20,37,30,1.335,2.336,0,Low
2026-07-28 16:40:16,21,42,35,1.335,2.401,0,Low
2026-07-28 16:50:15,18,39,32,1.335,2.535,0,Low
