timestamp_utc,vast_machines,vast_gpus,vast_gpus_under_cap,vast_min_price,vast_median_price,lambda_regions,runpod_stock
2026-07-17 02:19:30,12,29,15,4.877,7.314,0,Low
2026-07-17 02:20:14,12,29,15,4.877,7.314,0,Low
2026-07-17 02:29:09,12,38,26,4.877,7.127,0,Low
2026-07-17 02:30:19,12,38,26,4.877,7.127,0,Low
2026-07-17 02:40:16,13,39,27,4.877,7.126,0,Low
2026-07-17 02:50:14,12,40,29,4.877,7.064,0,Low
2026-07-17 03:00:21,12,40,29,4.877,7.064,0,Low
2026-07-17 03:10:14,13,42,31,4.877,7.002,0,Low
2026-07-17 03:20:15,13,42,29,4.877,7.126,0,Low
2026-07-17 03:30:18,13,40,27,4.877,7.126,0,Low
2026-07-17 03:40:11,13,42,29,4.877,7.126,0,Low
2026-07-17 03:50:13,12,40,29,4.877,7.064,0,Low
2026-07-17 04:00:17,12,40,29,4.877,7.064,0,Low
2026-07-17 04:10:19,12,40,29,4.877,7.064,0,Low
2026-07-17 04:20:12,14,46,35,4.877,7.064,0,Low
2026-07-17 04:30:14,14,46,35,4.877,7.064,0,Low
2026-07-17 04:40:13,14,47,34,4.877,7.127,0,Low
2026-07-17 04:50:13,14,45,32,4.877,7.127,0,Low
2026-07-17 05:00:19,14,45,32,4.877,7.127,0,Low
2026-07-17 05:10:16,14,45,32,4.877,7.127,0,Low
2026-07-17 05:20:13,13,44,31,4.877,7.127,0,Low
2026-07-17 05:30:16,12,41,28,4.877,7.127,0,Low
2026-07-17 05:40:16,12,41,28,4.877,7.127,0,Low
2026-07-17 05:50:14,12,41,28,4.877,7.127,0,Low
2026-07-17 06:00:19,12,41,28,4.877,7.127,0,Low
2026-07-17 06:10:15,11,40,28,4.877,7.127,0,Low
2026-07-17 06:20:15,12,41,28,4.877,7.127,0,Low
2026-07-17 06:30:15,11,39,28,4.877,7.127,0,Low
2026-07-17 06:40:16,11,39,28,4.877,7.127,0,Low
2026-07-17 06:50:15,11,39,28,4.877,7.127,0,Low
2026-07-17 07:00:20,13,42,29,4.877,7.127,0,Low
2026-07-17 07:10:13,12,35,22,4.877,7.127,0,Low
2026-07-17 07:20:15,13,36,23,4.877,7.127,0,Low
2026-07-17 07:30:16,12,35,22,4.877,7.127,0,Low
2026-07-17 07:31:02,12,35,22,4.877,7.127,0,Low
2026-07-17 07:40:16,12,35,22,4.877,7.127,0,Low
2026-07-17 07:50:14,12,42,29,4.877,7.127,0,Low
2026-07-17 08:00:18,12,46,33,4.877,7.127,0,Low
2026-07-17 08:10:12,13,47,34,4.877,7.126,0,Low
2026-07-17 08:20:14,13,47,34,4.877,7.126,0,Low
2026-07-17 08:30:21,11,37,24,4.877,7.127,0,Low
2026-07-17 08:40:14,10,36,25,4.877,7.127,0,Low
2026-07-17 08:50:14,11,37,26,4.877,7.126,0,Low
2026-07-17 09:00:19,13,46,34,4.877,7.126,0,Low
2026-07-17 09:10:13,15,49,35,4.877,7.126,0,Low
2026-07-17 09:20:13,14,49,35,4.877,7.127,0,Low
2026-07-17 09:30:15,15,50,36,4.877,7.126,0,Low
2026-07-17 09:40:14,14,49,35,4.877,7.127,0,Low
2026-07-17 09:50:12,14,49,35,4.877,7.127,0,Low
2026-07-17 10:00:20,15,46,32,4.877,7.127,0,Low
2026-07-17 10:10:13,14,45,31,4.877,7.127,0,Low
2026-07-17 10:20:13,14,45,31,4.877,7.127,0,Low
2026-07-17 10:30:17,15,46,32,4.877,7.127,0,Low
2026-07-17 10:33:50,12,43,0,6.251,7.439,0,Low
2026-07-17 10:40:12,11,42,0,6.251,7.75,0,Low
2026-07-17 10:50:14,11,42,0,6.251,7.75,0,Low
2026-07-17 11:00:18,11,42,0,6.251,7.75,0,Low
2026-07-17 11:10:14,12,43,0,6.251,7.439,0,Low
2026-07-17 11:20:14,11,46,0,6.876,7.75,0,Low
2026-07-17 11:30:14,11,39,0,6.252,7.75,0,Low
2026-07-17 11:40:14,10,38,0,6.876,7.876,0,Low
2026-07-17 11:50:17,10,38,0,6.251,7.876,0,Low
2026-07-17 12:00:04,9,37,0,6.251,7.75,0,Low
2026-07-17 12:10:14,9,33,0,6.251,7.75,0,Low
2026-07-17 12:20:12,8,31,0,6.251,7.876,0,Low
2026-07-17 12:30:21,9,32,0,6.251,7.75,0,Low
2026-07-17 12:40:14,8,30,0,6.251,7.876,0,Low
2026-07-17 12:50:12,8,31,0,6.251,7.876,0,Low
2026-07-17 13:00:22,8,31,0,6.251,7.876,0,Low
2026-07-17 13:10:13,8,31,0,6.251,7.876,0,Low
2026-07-17 13:20:14,8,27,0,6.251,7.876,0,Low
2026-07-17 13:30:16,8,27,0,6.251,7.876,0,Low
2026-07-17 13:40:15,7,26,0,6.251,7.751,0,Low
2026-07-17 13:50:16,8,27,0,6.252,7.439,0,Low
2026-07-17 14:00:24,9,28,0,6.252,7.751,0,Low
2026-07-17 14:10:14,8,27,0,6.251,7.876,0,Low
2026-07-17 14:20:15,8,27,0,6.251,7.94,0,Low
2026-07-17 14:30:19,9,28,0,6.252,7.751,0,Low
2026-07-17 14:40:16,9,28,0,6.252,7.751,0,Low
2026-07-17 14:50:12,10,36,0,6.251,7.439,0,Low
2026-07-17 15:00:29,10,36,0,6.251,7.439,0,Low
2026-07-17 15:10:18,10,36,0,6.251,7.439,0,Low
2026-07-17 15:20:25,10,34,0,6.252,7.439,0,Low
2026-07-17 15:30:16,9,35,0,6.251,7.751,0,Low
2026-07-17 15:40:13,9,34,0,6.252,7.751,0,Low
2026-07-17 15:50:16,9,35,0,6.251,7.751,0,Low
2026-07-17 16:00:24,9,33,0,6.876,7.751,0,Low
2026-07-17 16:10:18,9,26,0,6.252,7.751,0,Low
2026-07-17 16:20:16,8,23,0,6.252,7.94,0,Low
2026-07-17 16:30:15,6,21,0,7.127,8.441,0,Low
2026-07-17 16:38:23,6,18,0,6.252,8.441,0,Low
2026-07-17 16:40:15,6,18,0,6.877,8.441,0,Low
2026-07-17 16:50:16,5,16,0,6.877,8.751,0,Low
2026-07-17 17:00:20,6,27,0,6.877,7.439,0,Low
2026-07-17 17:10:16,7,28,0,6.877,7.751,0,Low
2026-07-17 17:20:17,7,28,0,6.877,7.751,0,Low
2026-07-17 17:30:15,7,28,0,6.877,7.751,0,Low
2026-07-17 17:40:14,7,22,0,6.876,7.751,0,Low
2026-07-17 17:50:16,6,19,0,6.876,8.563,0,Low
2026-07-17 18:00:18,6,18,0,6.876,8.563,0,Low
2026-07-17 18:10:13,6,18,0,6.876,8.563,0,Low
2026-07-17 18:20:13,6,19,0,6.876,8.563,0,Low
2026-07-17 18:30:20,5,15,0,6.876,9.376,0,Low
2026-07-17 18:40:17,5,15,0,6.876,9.376,0,Low
2026-07-17 18:50:16,6,23,0,6.876,8.251,0,Low
2026-07-17 19:00:21,7,24,0,6.251,7.126,0,Low
2026-07-17 19:10:14,5,15,0,6.251,9.376,0,Low
2026-07-17 19:20:15,5,15,0,6.251,9.376,0,Low
2026-07-17 19:30:15,5,14,0,6.876,9.376,0,
2026-07-17 19:40:16,6,16,0,6.876,8.753,0,Low
2026-07-17 19:50:17,5,15,0,6.876,9.376,0,Low
2026-07-17 20:00:20,5,15,0,6.876,9.376,0,Low
2026-07-17 20:10:16,5,15,0,6.876,9.376,0,
2026-07-17 20:15:01,5,15,0,6.876,9.376,0,
2026-07-17 20:20:15,7,27,0,6.876,7.252,0,
2026-07-17 20:31:37,7,27,0,6.876,7.252,0,
2026-07-17 20:40:13,8,28,0,6.876,7.691,0,
2026-07-17 20:50:12,9,32,0,6.876,8.127,0,Low
2026-07-17 21:00:18,9,31,0,6.252,8.127,0,Low
2026-07-17 21:10:14,9,31,0,6.252,8.127,0,Low
2026-07-17 21:20:13,8,23,0,6.877,8.129,0,Low
2026-07-17 21:30:15,8,23,0,6.252,8.129,0,Low
2026-07-17 21:40:14,8,23,0,6.252,8.129,0,Low
2026-07-17 21:50:16,9,32,0,6.251,8.127,0,Low
2026-07-17 22:00:21,9,25,0,6.251,8.127,0,
2026-07-17 22:10:14,8,24,0,6.251,8.129,0,Low
2026-07-17 22:20:18,9,32,0,6.251,8.127,0,Low
2026-07-17 22:30:15,9,31,0,6.877,8.127,0,
2026-07-17 22:40:15,9,31,0,6.252,8.127,0,Low
2026-07-17 22:50:17,9,31,0,6.252,8.127,0,Low
2026-07-17 23:00:22,9,31,0,6.252,8.127,0,Low
2026-07-17 23:10:16,8,29,0,6.252,8.127,0,Low
2026-07-17 23:12:33,7,21,0,6.877,8.127,0,Low
2026-07-17 23:20:15,8,23,0,6.252,8.129,0,Low
2026-07-17 23:30:17,8,23,0,6.877,8.129,0,
2026-07-17 23:40:14,8,23,0,6.252,8.129,0,Low
2026-07-17 23:50:15,8,23,0,6.877,8.129,0,Low
2026-07-18 00:00:20,9,25,0,6.252,8.13,0,
2026-07-18 00:10:16,8,23,0,6.252,8.129,0,Low
2026-07-18 00:20:13,9,31,0,6.252,8.127,0,Low
2026-07-18 00:30:17,9,31,0,6.877,8.127,0,Low
2026-07-18 00:40:16,9,29,0,6.252,8.13,0,Low
2026-07-18 00:50:13,8,29,0,6.252,7.939,0,Low
2026-07-18 01:00:21,8,29,0,6.877,7.939,0,Low
2026-07-18 01:10:12,7,28,0,6.877,7.75,0,Low
2026-07-18 01:20:13,8,27,0,6.252,7.94,0,Low
2026-07-18 01:30:13,7,26,0,6.877,8.13,0,Low
2026-07-18 01:40:13,8,27,0,6.252,7.94,0,Low
2026-07-18 01:50:12,8,27,0,6.877,7.94,0,Low
2026-07-18 02:00:23,7,26,0,6.877,8.13,0,Low
2026-07-18 02:10:14,9,29,0,6.252,7.75,0,Low
2026-07-18 02:20:11,9,29,0,6.252,7.75,0,Low
2026-07-18 02:30:13,9,29,0,6.252,7.75,0,Low
2026-07-18 02:40:12,9,25,0,6.252,7.751,0,Low
2026-07-18 02:50:12,9,25,0,6.252,7.751,0,Low
2026-07-18 03:00:16,9,25,0,6.876,7.751,0,Low
2026-07-18 03:10:13,9,25,0,6.252,7.751,0,Low
2026-07-18 03:20:13,9,25,0,6.876,7.751,0,Low
2026-07-18 03:30:16,9,25,0,6.252,7.751,0,Low
2026-07-18 03:40:14,9,25,0,6.876,7.751,0,Low
2026-07-18 03:50:15,9,25,0,6.876,7.751,0,Low
2026-07-18 04:00:18,9,29,0,6.876,7.75,0,Low
2026-07-18 04:10:12,8,21,0,6.876,7.629,0,Low
2026-07-18 04:20:12,8,21,0,6.876,7.629,0,Low
2026-07-18 04:30:15,8,27,0,6.877,7.629,0,Low
2026-07-18 04:40:14,7,19,0,6.877,8.13,0,Low
2026-07-18 04:50:13,7,19,0,6.877,8.13,0,Low
2026-07-18 05:00:23,8,27,0,6.877,7.629,0,Low
2026-07-18 05:12:07,7,19,0,6.877,8.13,0,
2026-07-18 05:20:16,8,27,0,6.877,7.629,0,Low
2026-07-18 05:30:14,8,27,0,6.877,7.629,0,Low
2026-07-18 05:40:58,8,27,0,6.877,7.628,0,Low
2026-07-18 05:50:13,9,28,0,6.252,7.127,0,Low
2026-07-18 06:00:18,9,35,0,6.877,7.75,0,Low
2026-07-18 06:10:14,9,37,0,6.821,7.75,0,Low
2026-07-18 06:20:11,9,32,0,6.821,7.75,0,Low
2026-07-18 06:30:17,10,36,0,6.821,7.438,0,Low
2026-07-18 06:31:58,10,36,0,6.821,7.439,0,Low
2026-07-18 06:40:11,10,36,0,6.821,7.439,0,Low
2026-07-18 06:50:14,10,37,0,6.876,7.551,0,Low
2026-07-18 07:00:17,10,37,0,6.876,7.551,0,Low
2026-07-18 07:10:10,10,37,0,6.876,7.551,0,Low
2026-07-18 07:20:12,11,46,0,6.252,7.24,0,Low
2026-07-18 07:30:17,11,46,0,6.252,7.127,0,Low
2026-07-18 07:40:12,11,46,0,6.252,7.24,0,Low
2026-07-18 07:50:14,11,46,0,6.252,7.24,0,Low
2026-07-18 08:00:16,12,48,0,6.876,7.495,0,Low
2026-07-18 08:10:12,12,48,0,6.252,7.495,0,Low
2026-07-18 08:20:11,11,45,0,6.252,7.75,0,Low
2026-07-18 08:31:33,11,46,0,6.252,7.75,0,Low
2026-07-18 08:40:10,11,45,0,6.252,7.75,0,Low
2026-07-18 08:50:11,10,44,0,6.821,7.94,0,Low
2026-07-18 09:00:20,9,37,0,7.126,8.13,0,Low
2026-07-18 09:10:15,9,37,0,6.821,8.13,0,Low
2026-07-18 09:20:13,9,37,0,6.821,8.13,0,Low
2026-07-18 09:30:17,9,37,0,6.877,8.13,0,Low
2026-07-18 09:41:39,10,38,0,6.877,7.94,0,Low
2026-07-18 09:50:14,10,38,0,6.877,7.94,0,Low
2026-07-18 10:00:16,9,37,0,6.877,8.13,0,Low
2026-07-18 10:10:12,8,34,0,6.252,7.495,0,Low
2026-07-18 10:21:56,9,38,0,6.252,7.75,0,Low
2026-07-18 10:30:15,11,42,0,6.721,7.75,0,Low
2026-07-18 10:41:54,11,40,0,6.876,7.75,0,Low
2026-07-18 10:48:53,11,42,0,6.252,7.75,0,Low
2026-07-18 10:50:11,12,44,0,6.252,7.495,0,Low
2026-07-18 11:02:01,11,43,0,6.876,7.75,0,Low
2026-07-18 11:10:15,11,41,0,6.876,7.75,0,Low
2026-07-18 11:20:13,11,41,0,6.876,7.75,0,Low
2026-07-18 11:30:16,11,43,0,6.721,7.75,0,Low
2026-07-18 11:40:13,11,43,0,6.876,7.75,0,Low
2026-07-18 11:50:14,11,44,0,6.876,7.75,0,Low
2026-07-18 12:00:19,11,44,0,6.876,7.75,0,Low
2026-07-18 12:10:11,10,43,0,6.876,7.939,0,Low
2026-07-18 12:20:16,12,46,0,6.252,7.939,0,Low
2026-07-18 12:32:32,10,41,0,6.876,7.939,0,Low
2026-07-18 12:40:13,11,42,0,6.252,7.75,0,Low
2026-07-18 12:50:15,11,42,0,6.252,7.75,0,Low
2026-07-18 13:00:19,11,41,0,6.252,7.75,0,Low
2026-07-18 13:10:15,11,42,0,6.876,8.127,0,Low
2026-07-18 13:20:15,10,40,0,6.876,7.939,0,Low
2026-07-18 13:30:18,9,38,0,6.876,7.75,0,Low
2026-07-18 13:40:18,9,36,0,6.876,7.75,0,Low
2026-07-18 13:50:14,9,38,0,6.721,7.75,0,Low
2026-07-18 14:00:22,8,30,0,6.876,7.627,0,Low
2026-07-18 14:10:12,8,30,0,6.876,7.627,0,Low
2026-07-18 14:20:12,9,32,0,6.876,8.127,0,Low
2026-07-18 14:30:15,11,41,0,6.521,8.127,0,Low
2026-07-18 14:36:55,9,32,0,6.876,8.127,0,Low
2026-07-18 14:41:10,10,34,0,6.876,8.129,0,Low
2026-07-18 14:50:12,9,32,0,6.521,8.127,0,Low
2026-07-18 15:00:18,9,31,0,6.521,8.127,0,Low
2026-07-18 15:10:13,11,41,8,5.625,7.126,0,Low
2026-07-18 15:20:11,10,39,8,5.625,7.684,0,Low
2026-07-18 15:31:49,11,41,8,5.625,7.24,0,Low
2026-07-18 15:40:12,10,40,8,5.625,7.684,0,Low
2026-07-18 15:50:13,11,42,8,5.625,7.24,0,Low
2026-07-18 16:00:16,10,41,8,5.625,7.627,0,Low
2026-07-18 16:10:11,9,39,8,5.625,7.24,0,Low
2026-07-18 16:20:15,11,42,8,5.625,7.126,0,Low
2026-07-18 16:30:14,10,41,8,5.625,7.627,0,Low
2026-07-18 16:40:11,10,41,8,5.625,7.755,0,Low
2026-07-18 16:50:13,10,41,8,5.625,7.627,0,Low
2026-07-18 17:00:14,10,41,8,5.625,7.627,0,Low
2026-07-18 17:10:12,11,42,8,5.625,7.383,0,Low
2026-07-18 17:20:13,11,42,8,5.625,7.383,0,Low
2026-07-18 17:31:51,10,41,8,5.625,7.755,0,Low
2026-07-18 17:40:12,12,44,8,5.625,7.627,0,Low
2026-07-18 17:43:28,10,41,8,5.625,7.755,0,Low
2026-07-18 17:50:11,10,34,8,5.625,7.755,0,Low
2026-07-18 18:00:19,10,35,8,5.625,8.129,0,Low
2026-07-18 18:10:15,10,28,0,6.783,8.129,0,Low
2026-07-18 18:20:16,11,36,8,5.625,8.127,0,Low
2026-07-18 18:31:57,9,33,8,5.625,8.127,0,Low
2026-07-18 18:40:15,11,36,8,5.625,7.751,0,Low
2026-07-18 18:50:11,11,43,8,5.625,8.127,0,Low
2026-07-18 19:00:15,12,44,8,5.625,7.627,0,Low
2026-07-18 19:10:11,10,41,8,5.625,7.755,0,Low
2026-07-18 19:20:13,11,42,8,5.625,7.127,0,Low
2026-07-18 19:30:13,10,40,8,5.625,7.255,0,Low
2026-07-18 19:40:13,11,43,8,5.625,7.751,0,Low
2026-07-18 19:50:11,11,43,8,5.625,7.751,0,Low
2026-07-18 20:01:47,11,42,8,5.625,7.383,0,Low
2026-07-18 20:10:14,10,41,8,5.625,7.627,0,Low
2026-07-18 20:20:14,11,43,8,5.625,7.751,0,Low
2026-07-18 20:27:21,12,44,8,5.625,7.458,0,Low
2026-07-18 20:31:50,10,41,8,5.625,7.627,0,Low
2026-07-18 20:40:13,10,41,8,5.625,7.646,0,Low
2026-07-18 20:51:48,10,40,8,5.625,7.646,0,Low
2026-07-18 21:00:24,10,40,8,5.625,7.646,0,Low
2026-07-18 21:10:14,11,43,8,5.625,8.127,0,Low
2026-07-18 21:20:13,10,47,8,5.625,7.939,0,Low
2026-07-18 21:31:43,10,45,8,5.625,7.94,0,Low
2026-07-18 21:40:16,10,47,8,5.625,7.939,0,Low
2026-07-18 21:50:13,10,46,8,5.625,7.457,0,Low
2026-07-18 22:00:19,11,48,8,5.625,7.75,0,Low
2026-07-18 22:10:13,11,48,8,5.625,7.75,0,Low
2026-07-18 22:20:11,11,48,8,5.625,7.165,0,Low
2026-07-18 22:31:44,12,50,8,5.625,7.439,0,Low
2026-07-18 22:41:33,13,61,8,5.625,7.165,0,Low
2026-07-18 22:50:16,12,59,8,5.625,7.146,0,Low
2026-07-18 23:00:17,12,59,8,5.625,7.146,0,Low
2026-07-18 23:11:42,11,49,8,5.625,7.165,0,Low
2026-07-18 23:20:48,10,47,8,5.625,7.457,0,Low
2026-07-18 23:31:56,12,50,8,5.625,7.457,0,Low
2026-07-18 23:36:43,11,49,8,5.625,7.75,0,Low
2026-07-18 23:40:15,11,49,8,5.625,7.75,0,Low
2026-07-18 23:50:13,12,49,8,5.625,7.529,0,Low
2026-07-19 00:00:20,12,49,8,5.625,7.439,0,Low
2026-07-19 00:10:12,13,57,8,5.625,7.127,0,Low
2026-07-19 00:20:12,12,56,8,5.625,7.218,0,Low
2026-07-19 00:30:20,12,54,8,5.625,7.127,0,Low
2026-07-19 00:40:13,12,56,8,5.625,7.127,0,Low
2026-07-19 00:50:14,12,57,8,5.625,7.439,0,Low
2026-07-19 01:02:01,13,58,8,5.625,7.308,0,Low
2026-07-19 01:10:15,13,58,8,5.625,7.308,0,Low
2026-07-19 01:20:17,13,52,8,5.625,7.75,0,Low
2026-07-19 01:30:14,13,52,8,5.625,7.75,0,Low
2026-07-19 01:40:11,13,52,8,5.625,7.75,0,Low
2026-07-19 01:50:14,12,48,8,5.625,7.529,0,Low
2026-07-19 02:00:20,13,51,8,5.625,7.308,0,Low
2026-07-19 02:10:17,13,51,8,5.625,7.308,0,Low
2026-07-19 02:20:11,13,52,8,5.625,7.127,0,Low
2026-07-19 02:30:16,13,52,8,5.625,7.126,0,Low
2026-07-19 02:40:12,12,51,8,5.625,7.127,0,Low
2026-07-19 02:50:11,11,42,8,5.625,7.308,0,Low
2026-07-19 03:00:20,10,41,8,5.625,7.217,0,Low
2026-07-19 03:11:39,11,42,8,5.625,7.126,0,Low
2026-07-19 03:21:15,11,42,8,5.625,7.126,0,Low
2026-07-19 03:30:14,10,41,8,5.625,7.217,0,Low
2026-07-19 03:40:13,11,43,8,5.625,7.127,0,Low
2026-07-19 03:50:13,10,41,8,5.625,7.001,0,Low
2026-07-19 04:02:23,10,41,8,5.625,7.145,0,Low
2026-07-19 04:10:15,11,43,8,5.625,7.127,0,Low
2026-07-19 04:22:40,12,51,8,5.625,7.146,0,Low
2026-07-19 04:30:18,12,50,8,5.625,7.145,0,Low
2026-07-19 04:40:13,13,52,8,5.625,7.127,0,Low
2026-07-19 04:50:13,14,60,8,5.625,7.126,0,Low
2026-07-19 05:02:06,13,59,8,5.625,7.126,0,Low
2026-07-19 05:10:20,13,59,8,5.625,7.126,0,Low
2026-07-19 05:23:54,14,59,8,5.625,7.127,0,Medium
2026-07-19 05:33:47,14,57,8,5.625,7.146,0,Medium
2026-07-19 05:42:21,12,50,8,5.625,7.439,0,Low
2026-07-19 05:50:11,12,50,8,5.625,7.439,0,Medium
2026-07-19 06:00:22,11,49,8,5.625,7.165,0,Medium
2026-07-19 06:11:43,12,50,8,5.625,7.146,0,Low
2026-07-19 06:20:13,11,49,8,5.625,7.165,0,Low
2026-07-19 06:30:16,11,43,8,5.625,7.165,0,Low
2026-07-19 06:40:11,11,43,8,5.625,7.165,0,Low
2026-07-19 06:50:15,11,41,8,5.625,7.165,0,Low
2026-07-19 07:00:15,10,41,8,5.625,7.457,0,Low
2026-07-19 07:10:13,11,43,8,5.625,7.75,0,Low
2026-07-19 07:20:14,11,41,8,5.625,7.127,0,Low
2026-07-19 07:30:16,11,43,8,5.625,7.127,0,Low
2026-07-19 07:41:29,11,43,8,5.625,7.165,0,Low
2026-07-19 07:48:34,11,43,8,5.625,7.127,0,Low
2026-07-19 07:50:13,10,41,8,5.625,7.351,0,Low
2026-07-19 08:02:17,12,51,8,5.625,7.127,0,Low
2026-07-19 08:10:13,12,51,8,5.625,7.127,0,Low
2026-07-19 08:20:15,11,49,8,5.625,7.126,0,Low
2026-07-19 08:30:12,11,49,8,5.625,7.126,0,Low
2026-07-19 08:40:13,11,49,8,5.625,7.126,0,Low
2026-07-19 08:50:13,13,52,8,5.625,7.126,0,Low
2026-07-19 09:00:19,12,51,8,5.625,7.127,0,Low
2026-07-19 09:10:14,12,51,8,5.625,7.127,0,Low
2026-07-19 09:20:11,13,52,8,5.625,7.126,0,Low
2026-07-19 09:30:15,13,52,8,5.625,7.126,0,Low
2026-07-19 09:42:09,12,51,8,5.625,7.439,0,Low
2026-07-19 09:50:13,12,53,8,5.625,7.439,0,Low
2026-07-19 10:02:03,12,53,8,5.625,7.127,0,Low
2026-07-19 10:10:16,12,53,8,5.625,7.439,0,Low
2026-07-19 10:20:11,13,52,8,5.625,7.126,0,Low
2026-07-19 10:30:15,12,53,8,5.625,7.439,0,Low
2026-07-19 10:40:11,13,50,8,5.625,7.126,0,Low
2026-07-19 10:50:13,12,51,8,5.625,7.439,0,Low
2026-07-19 11:00:19,12,51,8,5.625,7.439,0,Low
2026-07-19 11:10:14,12,51,8,5.625,7.127,0,Low
2026-07-19 11:20:19,12,51,8,5.625,7.439,0,Low
2026-07-19 11:30:15,12,51,8,5.625,7.439,0,Low
2026-07-19 11:39:20,12,51,8,5.625,7.439,0,Low
2026-07-19 11:40:12,13,52,8,5.625,7.126,0,Low
2026-07-19 11:50:11,12,51,8,5.625,7.127,0,Low
2026-07-19 12:00:20,12,50,8,5.625,7.001,0,Low
2026-07-19 12:10:12,12,51,8,5.625,7.127,0,Low
2026-07-19 12:20:11,13,52,8,5.625,7.127,0,Low
2026-07-19 12:31:48,13,52,8,5.625,7.127,0,Low
2026-07-19 12:40:14,13,52,8,5.625,7.127,0,Low
2026-07-19 12:50:13,12,51,8,5.625,7.439,0,Low
2026-07-19 13:00:20,13,52,8,5.625,7.127,0,Low
2026-07-19 13:10:14,12,51,8,5.625,7.439,0,Low
2026-07-19 13:20:15,13,59,8,5.625,7.127,0,Low
2026-07-19 13:30:15,13,59,8,5.625,7.127,0,Low
2026-07-19 13:40:14,13,59,8,5.625,7.127,0,Low
2026-07-19 13:50:14,14,63,8,5.625,7.127,0,Low
2026-07-19 14:02:03,14,60,8,5.625,7.127,0,Low
2026-07-19 14:11:29,14,60,8,5.625,7.127,0,Low
2026-07-19 14:20:11,14,61,8,5.625,7.127,0,Low
2026-07-19 14:30:14,13,61,8,5.625,7.127,0,Low
2026-07-19 14:40:12,13,61,8,5.625,7.127,0,Low
2026-07-19 14:44:33,13,61,8,5.625,7.127,0,Low
2026-07-19 14:50:13,13,61,8,5.625,7.127,0,Low
2026-07-19 15:00:16,12,51,8,5.625,7.439,0,Low
2026-07-19 15:10:15,12,50,8,5.625,7.439,0,Low
2026-07-19 15:20:13,13,50,8,5.625,7.127,0,Low
2026-07-19 15:31:49,13,50,8,5.625,7.127,0,Low
2026-07-19 15:40:13,13,52,8,5.625,7.127,0,Low
2026-07-19 15:50:15,13,52,8,5.625,7.127,0,Low
2026-07-19 16:00:19,12,51,8,5.625,7.439,0,Low
2026-07-19 16:10:16,13,52,8,5.625,7.127,0,Low
2026-07-19 16:20:14,13,52,8,5.625,7.127,0,Low
2026-07-19 16:30:13,13,52,8,5.625,7.127,0,Low
2026-07-19 16:40:12,13,52,8,5.625,7.127,0,Low
2026-07-19 16:50:13,13,52,8,5.625,7.127,0,Low
2026-07-19 17:00:15,13,51,8,5.625,7.127,0,Low
2026-07-19 17:10:11,13,51,8,5.625,7.127,0,Low
2026-07-19 17:20:12,12,50,8,5.625,7.439,0,Low
2026-07-19 17:30:14,12,52,8,5.625,7.439,0,Low
2026-07-19 17:40:12,13,53,8,5.625,7.127,0,Low
2026-07-19 17:50:13,13,54,8,5.625,7.127,0,Low
2026-07-19 18:00:17,11,49,8,5.625,7.75,0,Low
2026-07-19 18:06:59,10,41,8,5.625,7.939,0,Low
2026-07-19 18:10:13,10,34,8,5.625,7.627,0,Low
2026-07-19 18:20:13,10,34,8,5.625,7.627,0,Low
2026-07-19 18:31:53,10,41,8,5.625,7.939,0,Low
2026-07-19 18:40:15,10,41,8,5.625,7.939,0,Low
2026-07-19 18:50:26,9,42,8,5.625,8.127,0,Low
2026-07-19 18:54:08,11,44,8,5.625,7.75,0,Low
2026-07-19 19:00:20,11,43,8,5.625,8.127,0,Low
2026-07-19 19:10:14,13,51,8,5.625,7.127,0,Low
2026-07-19 19:20:14,11,41,8,5.625,7.75,0,Low
2026-07-19 19:30:17,12,44,8,5.625,7.939,0,Low
2026-07-19 19:40:14,12,50,8,5.625,7.939,0,Low
2026-07-19 19:50:21,11,44,8,5.625,7.75,0,Low
2026-07-19 20:00:19,13,47,8,5.625,7.75,0,Low
2026-07-19 20:10:16,13,53,8,5.625,7.127,0,Low
2026-07-19 20:20:11,13,54,8,5.625,7.75,0,Low
2026-07-19 20:30:13,14,53,8,5.625,7.439,0,Low
2026-07-19 20:34:06,13,52,8,5.625,7.75,0,Low
2026-07-19 20:41:44,13,49,8,5.625,7.127,0,Low
2026-07-19 20:50:14,14,53,8,5.625,7.439,0,Low
2026-07-19 21:01:53,12,52,8,5.625,7.438,0,Low
2026-07-19 21:10:13,13,54,8,5.625,7.127,0,Low
2026-07-19 21:20:13,12,51,8,5.625,7.939,0,Low
2026-07-19 21:31:53,11,49,8,5.625,8.127,0,Low
2026-07-19 21:40:12,13,52,8,5.625,7.75,0,Low
2026-07-19 21:50:11,12,49,8,5.625,7.94,0,Low
2026-07-19 22:00:15,12,51,8,5.625,7.939,0,Low
2026-07-19 22:10:12,12,51,8,5.625,7.939,0,Low
2026-07-19 22:20:15,13,52,8,5.625,7.75,0,Low
2026-07-19 22:30:15,13,52,8,5.625,7.75,0,Low
2026-07-19 22:40:37,13,52,8,5.625,7.75,0,Low
2026-07-19 22:50:10,12,51,8,5.625,8.127,0,Low
2026-07-19 23:01:53,13,53,8,5.625,7.75,0,Low
2026-07-19 23:10:12,14,54,8,5.625,7.939,0,Low
2026-07-19 23:20:16,12,51,8,5.625,7.939,0,Low
2026-07-19 23:30:19,13,53,8,5.625,7.75,0,Low
2026-07-19 23:40:12,12,51,8,5.625,7.939,0,Low
2026-07-19 23:42:16,13,52,8,5.625,7.75,0,Low
2026-07-19 23:50:13,13,53,8,5.625,8.127,0,Low
2026-07-20 00:00:19,14,54,8,5.625,7.939,0,Low
2026-07-20 01:10:19,11,49,8,5.625,7.75,0,Low
2026-07-20 01:30:16,9,52,8,5.625,7.127,0,Low
2026-07-20 01:40:22,9,52,8,5.625,7.127,0,Low
2026-07-20 01:50:17,10,48,8,5.625,7.439,0,Low
2026-07-20 02:00:23,11,48,8,5.625,7.127,0,Low
2026-07-20 02:08:49,11,48,8,5.625,7.127,0,Low
2026-07-20 02:10:15,10,47,8,5.625,7.439,0,Low
2026-07-20 02:20:12,12,49,8,5.625,7.002,0,Low
2026-07-20 02:30:13,11,48,8,5.625,7.127,0,Low
2026-07-20 02:40:11,11,48,8,5.625,7.127,0,Low
2026-07-20 02:50:16,9,39,8,5.625,7.127,0,Low
2026-07-20 03:00:20,9,39,8,5.625,7.127,0,Low
2026-07-20 03:10:13,11,42,8,5.625,7.127,0,Low
2026-07-20 03:20:15,10,40,8,5.625,7.127,0,Low
2026-07-20 03:30:13,10,41,8,5.625,7.127,0,Low
2026-07-20 03:40:16,9,39,8,5.625,7.127,0,Low
2026-07-20 03:50:13,10,41,8,5.625,7.127,0,Low
2026-07-20 04:00:18,11,42,8,5.625,7.127,0,Low
2026-07-20 04:10:11,10,41,8,5.625,7.127,0,Low
2026-07-20 04:21:38,11,41,8,5.625,7.127,0,Low
2026-07-20 04:33:13,12,49,8,5.625,7.127,0,Low
2026-07-20 04:40:13,12,49,8,5.625,7.127,0,Low
2026-07-20 04:50:12,12,49,8,5.625,7.127,0,Low
2026-07-20 05:00:20,12,49,8,5.625,7.127,0,Low
2026-07-20 05:10:12,12,49,8,5.625,7.127,0,Low
2026-07-20 05:20:11,13,51,8,5.625,7.127,0,
2026-07-20 05:30:18,13,51,8,5.625,7.127,0,Low
2026-07-20 05:47:34,13,51,8,5.625,7.127,0,Low
2026-07-20 05:50:16,12,50,8,5.625,7.127,0,Low
2026-07-20 06:00:18,12,50,8,5.625,7.127,0,Low
2026-07-20 06:11:59,12,50,8,5.625,7.127,0,Low
2026-07-20 06:20:13,13,51,8,5.625,7.127,0,Low
2026-07-20 06:30:18,13,51,8,5.625,7.127,0,Low
2026-07-20 06:40:16,12,50,8,5.625,7.127,0,Low
2026-07-20 06:50:11,14,53,8,5.625,7.127,0,
2026-07-20 07:00:21,14,53,8,5.625,7.127,0,Low
2026-07-20 07:10:12,14,53,8,5.625,7.127,0,Low
2026-07-20 07:20:11,14,53,8,5.625,7.127,0,Low
2026-07-20 07:30:15,13,52,8,5.625,7.127,0,Low
2026-07-20 07:40:13,10,41,8,5.625,7.939,0,Low
2026-07-20 07:50:12,11,43,8,5.625,7.75,0,Low
2026-07-20 08:00:21,11,42,8,5.625,7.75,0,Low
2026-07-20 08:10:14,11,43,8,5.625,7.75,0,Low
2026-07-20 08:20:12,12,51,8,5.625,7.439,0,Low
2026-07-20 08:30:19,12,49,8,5.625,7.439,0,Low
2026-07-20 08:40:14,13,51,8,5.625,7.127,0,Low
2026-07-20 08:50:15,13,54,8,5.625,7.75,0,Low
2026-07-20 09:00:19,12,53,8,5.625,7.127,0,Low
2026-07-20 09:10:12,11,45,8,5.625,7.127,0,Low
2026-07-20 09:20:16,12,48,8,5.625,7.439,0,Low
2026-07-20 09:30:14,12,52,8,5.625,7.439,0,Low
2026-07-20 09:40:19,13,54,8,5.625,7.127,0,Low
2026-07-20 09:50:14,13,54,8,5.625,7.127,0,Low
2026-07-20 10:00:22,14,55,8,5.625,7.127,0,
2026-07-20 10:10:14,13,51,8,5.625,7.127,0,
2026-07-20 10:20:13,13,54,8,5.625,7.127,0,
2026-07-20 10:30:18,13,52,8,5.625,7.127,0,
2026-07-20 10:40:11,13,52,8,5.625,7.127,0,
2026-07-20 10:50:14,13,51,8,5.625,7.126,0,
2026-07-20 11:00:21,13,52,8,5.625,7.127,0,Low
2026-07-20 11:10:12,13,52,8,5.625,7.127,0,Low
2026-07-20 11:20:14,12,44,8,5.625,7.439,0,Low
2026-07-20 11:30:16,12,43,8,5.625,7.127,0,Low
2026-07-20 11:40:13,12,43,8,5.625,7.127,0,Low
2026-07-20 11:50:13,11,39,8,5.625,7.75,0,Low
2026-07-20 12:00:20,12,39,8,5.625,7.127,0,Low
2026-07-20 12:10:15,11,35,8,5.625,7.127,0,Low
2026-07-20 12:20:17,12,44,8,5.625,7.127,0,Low
2026-07-20 12:30:17,12,43,8,5.625,7.127,0,Low
2026-07-20 12:40:14,12,43,8,5.625,7.127,0,Low
2026-07-20 12:50:13,12,44,8,5.625,7.127,0,Low
2026-07-20 13:00:26,12,43,8,5.625,7.127,0,Low
2026-07-20 13:10:13,12,43,8,5.625,7.127,0,Low
2026-07-20 13:20:16,11,42,8,5.625,7.127,0,Low
2026-07-20 13:30:16,9,32,8,5.625,7.127,0,Low
2026-07-20 13:40:15,9,26,8,5.625,7.127,0,Low
2026-07-20 13:50:17,9,26,8,5.625,7.127,0,Low
2026-07-20 14:00:22,8,24,8,5.625,7.127,0,Low
2026-07-20 14:10:18,9,26,8,5.625,7.127,0,Low
2026-07-20 14:20:15,9,26,8,5.625,7.127,0,Low
2026-07-20 14:30:19,10,28,8,5.625,7.127,0,Low
2026-07-20 14:40:12,8,20,8,5.625,7.503,0,Low
2026-07-20 14:50:15,7,18,8,5.625,8.13,0,Low
2026-07-20 15:00:25,7,18,8,5.625,8.13,0,Low
2026-07-20 15:10:14,7,18,8,5.625,8.13,0,Low
2026-07-20 15:20:18,7,20,8,5.625,6.88,0,Low
2026-07-20 15:30:16,8,22,8,5.625,7.065,0,Low
2026-07-20 15:40:18,8,23,8,5.625,7.557,0,Low
2026-07-20 15:50:16,9,26,8,5.625,6.877,0,Low
2026-07-20 16:00:22,7,22,8,5.625,8.435,0,Low
2026-07-20 16:10:16,8,24,8,5.625,8.594,0,Low
2026-07-20 16:16:14,8,30,8,5.625,7.843,0,Low
2026-07-20 16:20:14,9,32,8,5.625,8.435,0,Low
2026-07-20 16:30:16,8,24,8,5.625,8.594,0,Low
2026-07-20 16:40:12,9,32,8,5.625,8.435,0,Low
2026-07-20 16:50:12,8,31,8,5.625,7.939,0,Low
2026-07-20 17:00:25,9,31,8,5.625,7.126,0,Low
2026-07-20 17:10:16,10,33,8,5.625,7.78,0,Low
2026-07-20 17:20:12,10,39,8,5.625,7.438,0,Low
2026-07-20 17:30:14,10,38,8,5.625,7.438,0,Low
2026-07-20 17:40:15,11,41,8,5.625,7.75,0,Low
2026-07-20 17:50:14,10,40,8,5.625,8.092,0,Low
2026-07-20 18:00:30,10,39,8,5.625,7.438,0,
2026-07-20 18:10:13,11,41,8,5.625,7.126,0,Low
2026-07-20 18:20:14,12,41,8,5.625,7.126,0,Low
2026-07-20 18:30:14,10,32,8,5.625,7.78,0,Low
2026-07-20 18:40:14,11,33,8,5.625,7.126,0,Low
2026-07-20 18:50:15,9,30,8,5.625,7.126,0,Low
2026-07-20 19:00:21,6,19,8,5.625,7.815,0,Low
2026-07-20 19:10:15,7,27,8,5.625,7.75,0,Low
2026-07-20 19:20:12,8,29,8,5.625,8.251,0,
2026-07-20 19:30:15,7,27,8,5.625,8.752,0,Low
2026-07-20 19:40:15,8,29,8,5.625,8.251,0,Low
2026-07-20 19:50:17,8,29,8,5.625,7.314,0,
2026-07-20 20:00:26,9,31,8,5.625,7.75,0,Low
2026-07-20 20:10:17,10,32,8,5.625,8.092,0,Low
2026-07-20 20:20:14,9,23,8,5.625,8.435,0,Low
2026-07-20 20:30:21,9,23,8,5.625,8.435,0,Low
2026-07-20 20:40:13,10,30,8,5.625,8.593,0,Low
2026-07-20 20:50:13,9,36,8,5.625,8.43,0,Low
2026-07-20 20:51:16,10,38,8,5.625,8.591,0,Low
2026-07-20 21:00:23,9,36,8,5.625,8.43,0,Low
2026-07-20 21:10:14,9,36,8,5.625,8.43,0,Low
2026-07-20 21:20:12,9,36,8,5.625,8.43,0,Low
2026-07-20 21:30:17,9,36,8,5.625,8.43,0,Low
2026-07-20 21:40:11,9,34,8,5.625,8.43,0,Low
2026-07-20 21:50:14,10,42,8,5.625,8.01,0,Low
2026-07-20 22:00:19,10,42,8,5.625,8.01,0,Low
2026-07-20 22:10:16,9,34,8,5.625,8.43,0,Low
2026-07-20 22:20:14,9,34,8,5.625,8.43,0,Low
2026-07-20 22:30:17,9,34,8,5.625,8.43,0,Low
2026-07-20 22:40:11,10,38,8,5.625,8.01,0,Low
2026-07-20 22:50:13,9,34,8,5.625,8.43,0,Low
2026-07-20 23:00:17,10,38,8,5.625,8.01,0,Low
2026-07-20 23:10:15,10,38,8,5.625,8.01,0,Low
2026-07-20 23:20:16,9,37,8,5.625,8.43,0,Low
2026-07-20 23:30:20,9,37,8,5.625,8.43,0,Low
2026-07-20 23:40:11,9,34,8,5.625,8.43,0,Low
2026-07-20 23:50:22,10,39,8,5.625,7.9,0,Low
2026-07-21 00:00:19,10,39,8,5.625,7.9,0,Low
2026-07-21 00:10:16,10,39,8,5.625,7.9,0,Low
2026-07-21 00:15:33,9,35,8,5.625,8.43,0,Low
2026-07-21 00:20:11,9,37,8,5.625,7.371,0,Low
2026-07-21 00:30:16,9,37,8,5.625,7.371,0,Low
2026-07-21 00:40:21,8,32,8,5.625,8.061,0,Low
2026-07-21 00:50:15,8,32,8,5.625,8.061,0,Low
2026-07-21 01:00:19,9,36,8,5.625,7.371,0,Low
2026-07-21 01:10:11,8,32,8,5.625,8.061,0,Low
2026-07-21 01:20:15,10,38,8,5.625,7.9,0,Low
2026-07-21 01:30:17,9,34,8,5.625,8.43,0,Low
2026-07-21 01:40:19,9,34,8,5.625,8.43,0,Low
2026-07-21 01:50:11,8,32,8,5.625,8.061,0,Low
2026-07-21 02:00:22,9,36,8,5.625,7.371,0,Low
2026-07-21 02:10:17,9,36,8,5.625,7.371,0,Low
2026-07-21 02:20:15,9,36,8,5.625,7.371,0,Low
2026-07-21 02:30:20,9,36,8,5.625,7.371,0,Low
2026-07-21 02:40:13,8,32,8,5.625,8.061,0,Low
2026-07-21 02:50:14,8,33,8,5.625,8.061,0,Low
2026-07-21 03:00:23,11,39,8,5.625,7.127,0,Low
2026-07-21 03:10:15,10,38,8,5.625,7.249,0,Low
2026-07-21 03:20:13,11,39,8,5.625,7.127,0,Low
2026-07-21 03:30:16,10,38,8,5.625,7.14,0,Low
2026-07-21 03:40:11,11,46,8,5.625,7.152,0,Low
2026-07-21 03:50:11,11,46,8,5.625,7.152,0,Low
2026-07-21 04:00:21,11,46,8,5.625,7.152,0,Low
2026-07-21 04:10:12,11,46,8,5.625,7.152,0,Low
2026-07-21 04:20:18,11,46,8,5.625,7.152,0,Low
2026-07-21 04:30:13,11,46,8,5.625,7.152,0,Low
2026-07-21 04:40:13,12,48,8,5.625,7.451,0,Low
2026-07-21 04:50:12,12,48,8,5.625,7.451,0,Low
2026-07-21 05:00:20,12,48,8,5.625,7.451,0,Low
2026-07-21 05:10:12,12,47,8,5.625,7.451,0,Low
2026-07-21 05:20:13,12,47,8,5.625,7.451,0,Low
2026-07-21 05:30:13,11,38,8,5.625,7.152,0,Low
2026-07-21 05:40:13,10,38,8,5.625,7.793,0,Low
2026-07-21 05:50:11,10,39,8,5.625,7.865,0,Low
2026-07-21 06:00:20,10,39,8,5.625,7.865,0,Low
2026-07-21 06:10:12,10,40,8,5.625,7.865,0,Low
2026-07-21 06:20:16,10,40,8,5.625,7.865,0,Low
2026-07-21 06:30:20,10,39,8,5.625,7.865,0,Low
2026-07-21 06:40:13,11,47,8,5.625,7.75,0,
2026-07-21 06:50:16,11,48,8,5.625,7.296,0,Low
2026-07-21 07:00:22,11,48,8,5.625,7.296,0,Low
2026-07-21 07:10:14,13,51,8,5.625,7.13,0,
2026-07-21 07:20:13,12,48,8,5.625,7.523,0,
2026-07-21 07:30:17,12,46,8,5.625,7.523,0,
2026-07-21 07:40:17,12,48,8,5.625,7.523,0,
2026-07-21 07:50:14,12,48,8,5.625,7.523,0,
2026-07-21 08:00:21,12,48,8,5.625,7.213,0,Low
2026-07-21 08:10:12,11,46,8,5.625,7.296,0,Low
2026-07-21 08:20:12,11,44,8,5.625,7.296,0,Low
2026-07-21 08:30:14,12,48,8,5.625,7.213,0,Low
2026-07-21 08:40:13,12,48,8,5.625,7.523,0,Low
2026-07-21 08:50:15,11,47,8,5.625,7.296,0,Low
2026-07-21 09:00:24,12,49,8,5.625,7.213,0,Low
2026-07-21 09:10:13,12,49,8,5.625,7.213,0,Low
2026-07-21 09:20:15,12,49,8,5.625,7.213,0,Low
2026-07-21 09:30:17,12,49,8,5.625,7.523,0,
2026-07-21 09:40:12,12,49,8,5.625,7.213,0,Low
2026-07-21 09:50:16,12,47,8,5.625,7.439,0,
2026-07-21 10:00:26,11,41,8,5.625,7.13,0,
2026-07-21 10:10:13,11,41,8,5.625,7.75,0,
2026-07-21 10:20:12,11,39,8,5.625,7.75,0,
2026-07-21 10:30:16,11,41,8,5.625,7.127,0,
2026-07-21 10:40:13,11,41,8,5.625,7.127,0,
2026-07-21 10:50:12,11,35,8,5.625,6.639,0,
2026-07-21 11:00:21,11,35,8,5.625,6.876,0,
2026-07-21 11:10:11,12,34,8,5.625,6.877,0,
2026-07-21 11:20:13,12,47,8,5.625,6.977,0,
2026-07-21 11:30:19,14,43,8,5.625,6.877,0,
2026-07-21 11:40:13,12,40,8,5.625,6.761,0,Low
2026-07-21 11:50:12,13,42,8,5.625,6.646,0,Low
2026-07-21 12:00:20,14,43,8,5.625,6.761,0,Low
2026-07-21 12:10:13,12,40,8,5.625,6.977,0,Low
2026-07-21 12:20:13,13,41,8,5.625,6.876,0,Low
2026-07-21 12:30:19,14,42,8,5.625,6.761,0,Low
2026-07-21 12:40:16,13,41,8,5.625,6.876,0,Low
2026-07-21 12:50:14,13,42,8,5.625,6.876,0,Low
2026-07-21 13:00:27,14,43,8,5.625,6.877,0,Low
2026-07-21 13:10:18,13,42,8,5.625,6.876,0,Low
2026-07-21 13:20:21,13,42,8,5.625,6.876,0,Low
2026-07-21 13:30:17,13,42,8,5.625,6.876,0,Low
2026-07-21 13:40:16,13,38,8,5.625,6.876,0,Low
2026-07-21 13:50:14,14,39,8,5.625,6.877,0,Low
2026-07-21 14:00:22,14,40,8,5.625,6.877,0,Low
2026-07-21 14:10:17,14,40,8,5.625,6.761,0,Low
2026-07-21 14:20:16,13,36,8,5.625,6.876,0,Low
2026-07-21 14:30:20,13,36,8,5.625,6.876,0,Low
2026-07-21 14:40:13,11,32,8,5.625,6.877,0,
2026-07-21 14:50:18,11,33,8,5.625,6.876,0,Low
2026-07-21 15:00:27,9,31,8,5.625,7.077,0,Low
2026-07-21 15:10:13,11,40,8,5.625,6.876,0,Low
2026-07-21 15:20:13,10,38,8,5.625,6.977,0,Low
2026-07-21 15:30:18,10,37,8,5.625,6.977,0,Low
2026-07-21 15:40:13,10,37,8,5.625,6.977,0,Low
2026-07-21 15:50:13,11,45,8,5.625,7.077,0,Low
2026-07-21 15:55:42,9,40,8,5.625,7.077,0,Low
2026-07-21 16:00:21,10,41,8,5.625,6.977,0,Low
2026-07-21 16:10:18,10,41,8,5.625,6.977,0,Low
2026-07-21 16:20:13,10,41,8,5.625,6.977,0,Low
2026-07-21 16:30:19,9,33,8,5.625,6.876,0,Low
2026-07-21 16:40:15,11,36,8,5.625,6.497,0,Low
2026-07-21 16:50:11,10,38,8,5.625,6.686,0,Low
2026-07-21 17:00:22,12,45,8,5.625,6.687,0,Low
2026-07-21 17:10:14,12,45,8,5.625,6.687,0,Low
2026-07-21 17:20:16,10,36,8,5.625,6.681,0,Low
2026-07-21 17:30:20,10,38,8,5.625,6.681,0,Low
2026-07-21 17:40:15,12,47,8,5.625,6.755,0,Low
2026-07-21 17:50:13,13,47,8,5.625,6.646,0,Low
2026-07-21 18:00:21,12,40,8,5.625,6.572,0,Low
2026-07-21 18:10:13,12,40,8,5.625,6.755,0,Low
2026-07-21 18:20:13,13,48,8,5.625,6.546,0,Low
2026-07-21 18:30:20,13,48,8,5.625,6.546,0,Low
2026-07-21 18:40:14,13,51,8,5.625,6.546,0,Low
2026-07-21 18:50:16,15,51,8,5.625,6.497,0,Low
2026-07-21 19:00:23,13,46,8,5.625,6.497,0,Low
2026-07-21 19:10:15,14,52,8,5.625,6.522,0,Low
2026-07-21 19:20:16,13,48,8,5.625,6.497,0,Low
2026-07-21 19:30:19,13,48,8,5.625,6.546,0,
2026-07-21 19:40:15,13,51,8,5.625,6.546,0,
2026-07-21 19:50:16,13,50,8,5.625,6.652,0,
2026-07-21 20:00:24,12,49,8,5.625,6.599,0,
2026-07-21 20:10:15,12,43,8,5.625,6.519,0,
2026-07-21 20:20:16,12,50,8,5.625,6.599,0,Low
2026-07-21 20:30:23,13,51,8,5.625,6.546,0,
2026-07-21 20:39:31,13,51,8,5.625,6.546,0,Low
2026-07-21 20:40:14,13,51,8,5.625,6.546,0,Low
2026-07-21 20:50:13,14,49,8,5.625,6.522,0,
2026-07-21 21:00:29,13,49,8,5.625,6.546,0,Low
2026-07-21 21:10:15,12,45,8,5.625,6.519,0,Low
2026-07-21 21:20:14,13,49,8,5.625,6.492,0,Low
2026-07-21 21:30:17,14,47,12,5.126,6.492,0,Low
2026-07-21 21:40:14,14,50,12,5.126,6.492,0,Low
2026-07-21 21:50:15,13,48,12,5.126,6.492,0,Low
2026-07-21 22:00:19,14,49,12,5.126,6.495,0,Low
2026-07-21 22:10:11,13,48,11,5.126,6.49,0,Low
2026-07-21 22:20:12,11,45,11,5.226,6.49,0,Low
2026-07-21 22:30:20,14,50,11,5.226,6.492,0,Low
2026-07-21 22:40:14,12,45,11,5.226,6.492,0,Low
2026-07-21 22:50:12,11,47,10,5.226,6.492,0,Low
2026-07-21 23:00:23,12,45,11,5.226,6.492,0,Low
2026-07-21 23:10:11,12,48,10,5.226,6.495,0,Low
2026-07-21 23:20:13,12,46,11,5.332,6.495,0,Low
2026-07-21 23:30:16,12,47,11,5.332,6.491,0,Low
2026-07-21 23:40:15,11,46,11,5.332,6.49,0,Low
2026-07-21 23:43:58,12,47,11,5.332,6.491,0,
2026-07-21 23:50:12,13,48,11,5.332,6.492,0,Low
2026-07-22 00:00:19,12,40,11,5.332,6.491,0,Low
2026-07-22 00:10:12,12,47,10,5.332,6.687,0,Low
2026-07-22 00:20:14,11,50,10,5.439,6.497,0,Low
2026-07-22 00:30:18,11,52,10,5.439,6.876,0,Low
2026-07-22 00:40:20,12,54,10,5.439,6.687,0,Low
2026-07-22 00:50:11,12,54,10,5.439,6.491,0,Low
2026-07-22 01:00:20,13,55,11,5.439,6.876,0,Low
2026-07-22 01:10:13,12,53,9,5.521,7.001,0,Low
2026-07-22 01:20:19,10,48,9,5.625,7.001,0,Low
2026-07-22 01:30:14,12,51,11,5.545,6.877,0,Low
2026-07-22 01:40:17,11,43,11,5.545,6.497,0,Low
