date,tokens_T,tokens_T_7d,growth_30d_pct
2025-01-01,0.049151682771,,
2025-01-02,0.06240815354,,
2025-01-03,0.061193115505,0.057584317272,
2025-01-04,0.053598360079,0.05658782797375,
2025-01-05,0.058396306085,0.056949523595999994,
2025-01-06,0.069386292686,0.05902231844433333,
2025-01-07,0.075431755847,0.061366523787571424,
2025-01-08,0.070221822873,0.06437654380214285,
2025-01-09,0.072356616201,0.06579775275371429,
2025-01-10,0.071507703702,0.06727126535328572,
2025-01-11,0.063816995783,0.06873107045385714,
2025-01-12,0.075866094246,0.07122675447685714,
2025-01-13,0.085115007863,0.07347371378785714,
2025-01-14,0.075222327281,0.07344379542128572,
2025-01-15,0.084115145855,0.07542855584728571,
2025-01-16,0.07705511659,0.07609977018857142,
2025-01-17,0.068495216858,0.07566941492514287,
2025-01-18,0.060483766614,0.07519323932957143,
2025-01-19,0.067857660985,0.07404917743514286,
2025-01-20,0.075688773433,0.07270257251657143,
2025-01-21,0.08136008041,0.07357939439214287,
2025-01-22,0.081625733261,0.07322376402157142,
2025-01-23,0.077114501415,0.073232247568,
2025-01-24,0.072673110544,0.07382908952314285,
2025-01-25,0.067152928393,0.07478182692014286,
2025-01-26,0.071483471593,0.07529979986414284,
2025-01-27,0.073948446787,0.07505118177185714,
2025-01-28,0.075487441672,0.07421223338071428,
2025-01-29,0.078035168383,0.07369929554099999,
2025-01-30,0.089094205165,0.075410681791,
2025-01-31,0.084790953671,0.07714180223771429,
2025-02-01,0.082720395965,0.07936572617657142,
2025-02-02,0.087631768147,0.08167262568428571,41.831369291927835
2025-02-03,0.088421824989,0.08374025114171428,47.982797962416534
2025-02-04,0.102119870049,0.087544883767,53.72364550060775
2025-02-05,0.105669269279,0.09149261246642858,55.0135861787935
2025-02-06,0.114992702177,0.09519239775385714,55.12105278014212
2025-02-07,0.118370770895,0.09998951450014286,55.31979288520703
2025-02-08,0.105864690395,0.10329584227585713,56.989924355776836
2025-02-09,0.10739488862,0.10611914520057142,57.74810335924248
2025-02-10,0.110479150384,0.10927019168557142,58.98223461968395
2025-02-11,0.124503350714,0.11246783178057142,57.90110416601144
2025-02-12,0.124490739152,0.115156613191,56.73171703759954
2025-02-13,0.123401049224,0.11635780562628571,58.43109000404751
2025-02-14,0.123551521514,0.11709791285757143,55.24347714498261
2025-02-15,0.11536183564,0.11845464789257143,55.65703759557583
2025-02-16,0.118560036919,0.12004966907814286,58.650188054055704
2025-02-17,0.128184132562,0.12257895224642858,63.018581642913276
2025-02-18,0.142100553307,0.12509283833114287,68.93211061082671
2025-02-19,0.13357819511,0.12639104632514284,73.84673189705076
2025-02-20,0.139567174082,0.12870049273342857,74.91377008013507
2025-02-21,0.133191771578,0.130077671314,77.64406549174343
2025-02-22,0.13511639486,0.13289975120257141,81.47708914596265
2025-02-23,0.139667620904,0.1359151203432857,84.09426585259601
2025-02-24,0.149673286419,0.13898499946571427,85.85397708206828
2025-02-25,0.165872108916,0.1423809359812857,89.08541090171789
2025-02-26,0.163891595218,0.146711421711,95.48182753068141
2025-02-27,0.157817685268,0.14931863759471428,101.20488333601085
2025-02-28,0.154373044616,0.152344533743,106.71097684814166
2025-03-01,0.150042042719,0.15447676915142858,104.84733128333134
2025-03-02,0.157225740186,0.156985071906,103.50195011291903
2025-03-03,0.163696491542,0.1589883869235714,100.32373492035708
2025-03-04,0.166790068558,0.1591195240152857,94.82601750846027
2025-03-05,0.173962185656,0.16055817979214287,91.73357806203497
2025-03-06,0.182100870835,0.1640272063017143,87.36355483465074
2025-03-07,0.181200246972,0.16785966378114286,83.4679973126089
2025-03-08,0.180393189127,0.17219554183942856,80.8921152345396
2025-03-09,0.18730107272,0.17649201791571428,76.51052592665818
2025-03-10,0.194916718158,0.1809520502894286,75.17844503962354
2025-03-11,0.204393400391,0.18632395483699998,75.57996201800981
2025-03-12,0.203060022546,0.19048078867842858,74.320906498035
2025-03-13,0.221928492539,0.19617044892185714,74.42360701377476
2025-03-14,0.214068053396,0.20086584983957143,74.42841038266137
2025-03-15,0.190299583462,0.2022810490302857,73.84398746738619
2025-03-16,0.190302450623,0.20270981730214285,73.11138376027498
2025-03-17,0.230930657288,0.20785466574928568,75.47193752818603
2025-03-18,0.230236003769,0.21154646623185713,76.21578456343521
2025-03-19,0.205403798836,0.21188129141614284,72.8529144140373
2025-03-20,0.203790419935,0.209290138187,67.30784989702767
2025-03-21,0.212462970583,0.20906084064228572,65.4079515288398
2025-03-22,0.188084657023,0.20874442257957143,62.19395757243462
2025-03-23,0.198759550985,0.20995257977414286,61.40554920246799
2025-03-24,0.222905959539,0.20880619438142856,57.11556454545752
2025-03-25,0.228382944505,0.20854147162942857,53.435078527472044
2025-03-26,0.244887222843,0.21418196077328572,54.10437212407337
2025-03-27,0.247700609528,0.22045484500085713,54.834524356430215
2025-03-28,0.252577751172,0.22618552794214283,54.170360633335825
2025-03-29,0.218184167792,0.23048545805199996,54.358130883561515
2025-03-30,0.205111873157,0.23139293264799998,51.88791285308072
2025-03-31,0.263186845381,0.23714734491114284,53.516510096527824
2025-04-01,0.279117467876,0.24439513396414284,55.68049305381246
2025-04-02,0.287084138362,0.25042326475257143,57.51041292906156
2025-04-03,0.310210765749,0.2593532870698571,62.992749428374694
2025-04-04,0.282175536516,0.26358154211900003,64.16575129353748
2025-04-05,0.283090401484,0.2728538612178571,66.34671001831566
2025-04-06,0.330016992208,0.2906974496537143,73.17885852120412
2025-04-07,0.371768869788,0.30620916742614285,77.82641998460174
2025-04-08,0.335124133287,0.31421011962771433,78.030781980049
2025-04-09,0.329550655879,0.32027676498728574,76.99537776720989
2025-04-10,0.318345562644,0.32143887882942856,72.51613143926119
2025-04-11,0.290444046062,0.3226200944788572,69.37146087919
2025-04-12,0.274911788714,0.321451721226,63.863478415165176
2025-04-13,0.262977334963,0.3118746273338572,55.26513221781941
2025-04-14,0.272286805249,0.29766290382828575,47.153134342169345
2025-04-15,0.252985364647,0.28592879402257143,41.05325426660964
2025-04-16,0.251118350224,0.27472417892900003,32.171283208226065
2025-04-17,0.248960978027,0.26481209541228573,25.179162823759448
2025-04-18,0.260110794546,0.26047877376714285,22.936183759401718
2025-04-19,0.243572111478,0.25600167701914284,22.319034827339166
2025-04-20,0.249634165943,0.2540955100162857,21.541417912432827
2025-04-21,0.265611051403,0.2531418308954286,21.268787815843694
2025-04-22,0.267828807102,0.25526232267471427,21.580941253169406
2025-04-23,0.258244769365,0.25628038255200003,22.736005658840686
2025-04-24,0.248136852554,0.25616265034157143,22.835351807991522
2025-04-25,0.254213410032,0.2553201668395714,19.207129264182534
2025-04-26,0.232948687662,0.25380253486585713,15.126766601509868
2025-04-27,0.236480346124,0.2519234177488572,11.379105480744101
2025-04-28,0.276156543714,0.2534299166504286,9.954840011317367
2025-04-29,0.264007460755,0.25288401002942856,9.287698260915022
2025-04-30,0.257745468847,0.25281268138400004,6.605739768550589
2025-05-01,0.247853999972,0.2527722738722857,3.4277032329833146
2025-05-02,0.257124033765,0.25318807726271425,1.1040557724836697
2025-05-03,0.240108996884,0.25421097858014285,-1.9827427474744752
2025-05-04,0.259953508223,0.2575642874514285,-2.282881653698987
2025-05-05,0.311745800261,0.26264846695814287,-3.7402418328124187
2025-05-06,0.310263302559,0.26925644435871426,-7.37571152431542
2025-05-07,0.313740594702,0.2772557480522857,-9.455438456407638
2025-05-08,0.314099176805,0.28671934474271427,-8.749169160296933
2025-05-09,0.310235395101,0.29430668207642857,-8.108637825128561
2025-05-10,0.281325208183,0.300194712262,-6.609084328813186
2025-05-11,0.288603619977,0.30428758536971434,-5.682382908837768
2025-05-12,0.322905510657,0.305881829712,-4.843617403763545
2025-05-13,0.342403647632,0.3104733075795715,-0.44932150020193795
2025-05-14,0.326602519998,0.312310725479,4.920942939925177
2025-05-15,0.331569364598,0.31480646659228567,10.099602828889843
2025-05-16,0.298119972316,0.31307569190871426,13.960006406871761
2025-05-17,0.264429024209,0.310661951341,17.314109409289124
2025-05-18,0.269232227294,0.3078946095291429,18.20333959510567
2025-05-19,0.333465897864,0.309403236273,20.859847433680677
2025-05-20,0.332801509438,0.3080315022452857,21.226660882572478
2025-05-21,0.339695778677,0.30990196777085716,22.42226686701807
2025-05-22,0.366743895165,0.31492690070900003,23.37382869869029
2025-05-23,0.366523366643,0.32469881418428576,26.696710435260652
2025-05-24,0.307671303826,0.330876282701,29.166481631808615
2025-05-25,0.321070374909,0.3382817323602857,32.49315028563433
2025-05-26,0.388143121737,0.34609276434214287,36.36300540696495
2025-05-27,0.403216090874,0.3561519902615714,41.37311784830573
2025-05-28,0.39127331012,0.36352020903914284,43.44013281611443
2025-05-29,0.379196749612,0.3652991882458571,44.45325673353035
2025-05-30,0.3524605613,0.36329021605399997,43.69936431400543
2025-05-31,0.288600168394,0.36056576813514285,42.64450867634333
2025-06-01,0.295219520457,0.3568727889277143,40.95165648634165
2025-06-02,0.364374914687,0.35347733077771426,39.04880613418378
2025-06-03,0.395741118681,0.35240947760728575,36.8238901030653
2025-06-04,0.402370845061,0.35399483974171425,34.77894763350318
2025-06-05,0.352830171237,0.3502281856881428,30.072350365569967
2025-06-06,0.304215269313,0.34333600111857143,23.833681909391522
2025-06-07,0.270384691186,0.3407337900888571,18.838786547385688
2025-06-08,0.275452808619,0.337909974112,14.815597025502836
2025-06-09,0.318563944013,0.33136554973000004,10.383539814250685
2025-06-10,0.338769282506,0.3232267159907143,6.224089161570157
2025-06-11,0.32442360739,0.3120913963234286,2.0300540954901303
2025-06-12,0.282516932434,0.302046647923,-2.7141333734178708
2025-06-13,0.296812822131,0.3009891554684286,-3.625098047211539
2025-06-14,0.260938723,0.2996397314418572,-4.8177965702563945
2025-06-15,0.264394559195,0.2980599815241428,-4.796191711028685
2025-06-16,0.316856763083,0.2978160985341428,-4.134993922302654
2025-06-17,0.31192787598,0.29398161188757144,-4.518753239249074
2025-06-18,0.345151126563,0.29694268605514285,-4.0272850303552215
2025-06-19,0.315354469724,0.30163376281085713,-2.0769756949514995
2025-06-20,0.325911386735,0.30579070061142855,-1.326634738398469
2025-06-21,0.320183191755,0.3142541961478571,-0.21360657334399402
2025-06-22,0.319506734767,0.3221273640867143,-0.7919493343489847
2025-06-23,0.355834204069,0.3276955699418571,-0.9612997139529567
2025-06-24,0.371824750027,0.3362522662342857,-0.5999337037326358
2025-06-25,0.383015104888,0.341661405995,-1.280396126040384
2025-06-26,0.373973432435,0.3500355435251428,-1.717369803812252
2025-06-27,0.333429689986,0.3511095868467143,-3.4140116240668816
2025-06-28,0.259521603134,0.34244364561514284,-6.256663952762964
2025-06-29,0.281077592894,0.33695376820471434,-7.249423927610243
2025-06-30,0.315454333288,0.33118521523600003,-8.148458754445809
2025-07-01,0.3478196439,0.3277559143607142,-8.158894561416897
2025-07-02,0.307981945626,0.31703689160899995,-10.30913045782561
2025-07-03,0.311736368098,0.308145882418,-12.560273772946518
2025-07-04,0.299561203271,0.30330752717299997,-14.318658601265867
2025-07-05,0.253061798022,0.3023846978712857,-13.660661754807723
2025-07-06,0.2742896258,0.30141498828642854,-12.209908863494167
2025-07-07,0.333244344472,0.3039564184555714,-10.793579240760021
2025-07-08,0.348300492893,0.30402511116885717,-10.027778266146047
2025-07-09,0.350738237774,0.3101331529042857,-6.407545033880158
2025-07-10,0.375287543974,0.31921189231514285,-1.2421076219722993
2025-07-11,0.353861055816,0.3269690141072857,4.76707078731482
2025-07-12,0.300696977506,0.3337740397478571,10.504136378611717
2025-07-13,0.309570142792,0.33881411360385716,12.566884038251036
2025-07-14,0.372143032204,0.3443710689941429,14.92837326246419
2025-07-15,0.371609283604,0.3477008962385714,16.65467281470918
2025-07-16,0.393212930827,0.3537687095318572,18.78763816768614
2025-07-17,0.387832453655,0.35556083948628564,20.946625608088777
2025-07-18,0.384226470319,0.35989875584385717,21.201421265861132
2025-07-19,0.345796902507,0.36634160227257134,21.452452423998047
2025-07-20,0.339423137933,0.37060631586414283,21.196071405414042
2025-07-21,0.411420971977,0.3762174501174286,19.717558183508753
2025-07-22,0.439002125731,0.3858449989927143,19.78026147721115
2025-07-23,0.464710917479,0.3960589970858571,20.861871021365875
2025-07-24,0.480589511202,0.4093100053068572,21.727062211580183
2025-07-25,0.444545364757,0.4179269902265714,22.321978102697248
2025-07-26,0.374916246404,0.4220868964975715,20.584010482710656
2025-07-27,0.381299360956,0.42806921407228576,21.918976327801087
2025-07-28,0.481812982036,0.43812521550928574,27.940822123379427
2025-07-29,0.514471143689,0.448906503789,33.22495432556474
2025-07-30,0.509064942422,0.4552427930665714,37.458670291839226
2025-07-31,0.498032267972,0.4577346154622857,39.657164190337845
2025-08-01,0.499064274817,0.4655230311851429,46.83560289231896
2025-08-02,0.456016334999,0.4771087581272857,54.83210561940513
2025-08-03,0.449623336077,0.48686932600171423,60.52002749144258
2025-08-04,0.537927259052,0.4948856512897143,63.6609440800372
2025-08-05,0.539539996362,0.4984669159572857,65.37562341909909
2025-08-06,0.5525867036,0.5046843104112857,66.0383791122523
2025-08-07,0.548248080187,0.5118579978705714,68.36043440710486
2025-08-08,0.486043209609,0.509997845698,64.44480086119562
2025-08-09,0.378181043372,0.4988785183227143,56.284440001438
2025-08-10,0.388699957625,0.49017517854385717,49.914871867038734
2025-08-11,0.478600254157,0.4816998921302857,44.31916049977291
2025-08-12,0.519093889487,0.47877901971957143,41.31023487391137
2025-08-13,0.486377558919,0.4693205704794286,36.28339100907774
2025-08-14,0.477464329038,0.45920860602957136,32.07000930894641
2025-08-15,0.445390829459,0.453401123151,28.163150367647425
2025-08-16,0.389454674939,0.4550116419462857,27.970122526340813
2025-08-17,0.407273603704,0.4576650199575714,27.164935284224857
2025-08-18,0.485260347251,0.45861646182814286,25.188201116977083
2025-08-19,0.493722773971,0.4549920167544285,22.769633780666567
2025-08-20,0.493617116586,0.45602623927828567,21.213473520685035
2025-08-21,0.469360617547,0.45486856620814287,17.888936592575067
2025-08-22,0.459620039867,0.4569013105521429,15.361931912658067
2025-08-23,0.397945064237,0.458114223309,11.923534086481613
2025-08-24,0.407889643724,0.4582022290261429,9.636907819171237
2025-08-25,0.493622049699,0.4593967579472857,8.839379227194
2025-08-26,0.503923094951,0.46085394665871426,7.658745714166759
2025-08-27,0.521637394678,0.46485684352900003,6.101367160217186
2025-08-28,0.535672761499,0.4743300069507143,5.6634294551598074
2025-08-29,0.610251515109,0.49584878912814284,8.9196351221827
2025-08-30,0.521523584511,0.5135028634529999,12.183533013860327
2025-08-31,0.538615331454,0.5321779617001429,14.318288473356056
2025-09-01,0.713177483965,0.5635430237381429,18.116260525194082
2025-09-02,0.640458972964,0.5830481491685714,19.754545630693208
2025-09-03,0.697991366083,0.6082415736550001,22.905477673452566
2025-09-04,0.668785563468,0.6272576882220001,25.837376191231655
2025-09-05,0.656252833815,0.63382930518,25.589262852944515
2025-09-06,0.603488321805,0.6455385533648572,26.116726914578425
2025-09-07,0.619571722342,0.6571037520631429,28.84441720803914
2025-09-08,0.76215155482,0.6641000478995714,33.118589698420074
2025-09-09,0.748493026824,0.6795334841652857,38.63074139819713
2025-09-10,0.749592748652,0.6869051102465714,42.600220898696776
2025-09-11,0.731589502627,0.695877101555,45.34410926414161
2025-09-12,0.682942968401,0.6996899779244286,49.08572560748168
2025-09-13,0.613463442764,0.7011149952042857,52.6789755240642
2025-09-14,0.609240434697,0.6996390969692856,54.30907892486161
2025-09-15,0.725965796379,0.6944697029062857,52.62679872007938
2025-09-16,0.803652511533,0.7023496292932858,53.46369039923529
2025-09-17,0.750120281892,0.7024249911847142,53.16174835606613
2025-09-18,0.748597258835,0.7048546706429999,54.9158325174371
2025-09-19,0.71010920855,0.7087355620928573,55.415522408209085
2025-09-20,0.571331950922,0.7027167775440001,54.48787402522876
2025-09-21,0.60759576585,0.7024818248515715,53.74913764258118
2025-09-22,0.708182416131,0.6999413419589999,52.787515939422505
2025-09-23,0.742472408316,0.6912013272137143,50.85071250805233
2025-09-24,0.776032293626,0.6949030431757143,51.264246243429554
2025-09-25,0.788701352249,0.7006321993777143,52.0291199538252
2025-09-26,0.774854727313,0.709881559201,52.709714632116444
2025-09-27,0.717589473264,0.7307754909641428,54.06478195676849
2025-09-28,0.750147399913,0.751140010116,51.48570019435539
2025-09-29,0.838856679073,0.7698077619648572,49.91304172840636
2025-09-30,0.908756341363,0.793562609543,49.116022581584275
2025-10-01,0.775173608351,0.793439940218,40.794918363975974
2025-10-02,0.756705726947,0.7888691366034285,35.30085598048094
2025-10-03,0.788794649883,0.7908605541134285,30.024087199605255
2025-10-04,0.659066896093,0.7825001859461428,24.749397359191704
2025-10-05,0.65296975758,0.7686176656128572,21.265719229340284
2025-10-06,0.754198039772,0.7565235742841427,17.192624722532557
2025-10-07,0.794072114739,0.7401401133378572,12.636720002587222
2025-10-08,0.762229990867,0.7382910251258571,11.171656659405205
2025-10-09,0.793301227322,0.7435189537508571,9.416087812680619
2025-10-10,0.718543585964,0.7334830874767143,6.780845932769841
2025-10-11,0.6065286514,0.7259776239491428,4.3255514985161
2025-10-12,0.59083766218,0.7171016103205714,2.4884781754046292
2025-10-13,0.729734457606,0.7136068128682858,1.7817073874393907
2025-10-14,0.717584744786,0.7026800457321428,0.43464534443973246
2025-10-15,0.685403678592,0.6917048582642857,-0.3981231478391911
2025-10-16,0.707939948219,0.6795103898210001,-3.25183334904966
2025-10-17,0.685830324309,0.6748370667274285,-3.9275260424256553
2025-10-18,0.56144857954,0.6683970564617143,-5.172359026581653
2025-10-19,0.556555665134,0.6634996283122857,-6.382625086145288
2025-10-20,0.689957530774,0.6578172101934286,-6.389425837745854
2025-10-21,0.747952422691,0.6621554498941428,-5.740557766878784
2025-10-22,0.728888793419,0.6683676091551429,-4.510911259433293
2025-10-23,0.754399295557,0.6750046587748572,-2.3432635038690086
2025-10-24,0.746130090866,0.6836189111401428,-1.6238426563802144
2025-10-25,0.612859382202,0.6909633115204287,-1.3800233369053339
2025-10-26,0.606124678848,0.6980445991938572,-1.6674556274522523
2025-10-27,0.808198435444,0.7149361570038572,-2.167469237287667
2025-10-28,0.83683680048,0.7276339252594285,-3.129387935671457
2025-10-29,0.88267063472,0.749602759731,-2.6246815415690294
2025-10-30,0.839936886983,0.761822415649,-3.9997088461966035
2025-10-31,0.79558452843,0.768887335301,-3.0944503386424183
2025-11-01,0.667615679989,0.7767096635562858,-1.54138024710877
2025-11-02,0.680316040142,0.7873084294554286,-0.44914677303408146
2025-11-03,0.855212355442,0.7940247037408571,1.472781476822238
2025-11-04,0.843660094744,0.7949994600642858,3.432368995889923
2025-11-05,0.870220639953,0.7932208893832857,4.850782757677807
2025-11-06,0.815410486832,0.7897171179331429,6.698326938625865
2025-11-07,0.902186629114,0.8049459894594287,9.028277747546621
2025-11-08,0.797042525948,0.8234355388821429,10.748426079540785
2025-11-09,0.744474553464,0.8326010407852857,13.513324983340947
2025-11-10,0.91082567274,0.8405458003992857,15.781226951172368
2025-11-11,0.949647793603,0.8556869002362858,19.32575355028998
2025-11-12,0.881916356487,0.857357716884,20.144272927821262
2025-11-13,0.90136835629,0.8696374125208571,23.760083668628518
2025-11-14,0.812896999546,0.856881751154,23.879678003736625
2025-11-15,0.693672882394,0.8421146592177143,23.92962224456174
2025-11-16,0.777386360554,0.8468163459448572,25.484563266719974
2025-11-17,0.895158521563,0.8445781814910001,26.358752380199533
2025-11-18,0.946644725789,0.8441491718032857,27.22677387936301
2025-11-19,0.974905831481,0.8574333825167144,30.345234090879035
2025-11-20,0.95049788143,0.8644518861081429,30.551200061305963
2025-11-21,0.914059968966,0.8789037388824286,31.500049799453333
2025-11-22,0.766516913255,0.8893100290054284,31.748724611699487
2025-11-23,0.824048259184,0.895976014524,31.0636671869839
2025-11-24,1.015013853257,0.9130982047660001,32.14858003918837
2025-11-25,1.04385259537,0.9269850432775714,32.797394944120775
2025-11-26,1.08430877007,0.9426140345045714,31.84590333979791
2025-11-27,1.088012755787,0.9622590165555714,32.24493569516984
2025-11-28,1.103763003384,0.9893594500438573,31.984499416583745
2025-11-29,0.927904867275,1.0124148720467143,32.89381504799034
2025-11-30,0.922030064198,1.026412272763,33.49319537968272
2025-12-01,1.015109519099,1.026425939311857,32.1505303039757
2025-12-02,1.026570896607,1.0239571252028572,30.057940051666353
2025-12-03,0.976117437403,1.0085012205361428,27.01131536397179
2025-12-04,0.898751591697,0.9814639113804287,23.4546638938679
2025-12-05,0.84382291921,0.9443296136412858,19.050018258531274
2025-12-06,0.70338136526,0.9122548276391429,15.51665867731311
2025-12-07,0.71993535327,0.8833841546494285,9.744525249784264
2025-12-08,0.926168784356,0.8706783354004285,5.737279275366247
2025-12-09,0.933583522452,0.8573944248068572,2.9778228475654034
2025-12-10,0.899477293159,0.8464458327719999,0.7019287194001134
2025-12-11,0.850751596689,0.839588690628,-1.8813200954508558
2025-12-12,0.838859646336,0.838879651646,-2.1552340259042735
2025-12-13,0.662233192347,0.8330013412298571,-4.212798433407016
2025-12-14,0.66167260038,0.824678090817,-3.7582385543431074
2025-12-15,0.862177267218,0.8155364455115715,-3.1561276620968526
2025-12-16,0.885696419175,0.8086954307577142,-4.501674462200967
2025-12-17,0.923604614263,0.8121421909154286,-3.8404959169451525
2025-12-18,0.900483548874,0.8192467555132856,-2.9500018624437185
2025-12-19,0.858310522853,0.8220254521585714,-4.129525521179811
2025-12-20,0.691575313543,0.8262171837579999,-4.422999471061351
2025-12-21,0.718652924977,0.834357230129,-5.068417254666791
2025-12-22,0.895710872569,0.8391477451791428,-5.6405845194825055
2025-12-23,0.919893606912,0.844033057713,-5.797360193687274
2025-12-24,0.832020782412,0.8309496531628572,-8.996683070272294
2025-12-25,0.737262325637,0.8076323355575715,-12.87536498949331
2025-12-26,0.817227654508,0.8017633543654286,-14.942561322373326
2025-12-27,0.733624354484,0.8077703602141428,-16.05478916627088
2025-12-28,0.729209611978,0.8092784583571427,-18.20177607630187
2025-12-29,0.908489661987,0.8111039997025714,-19.884227099229545
2025-12-30,0.875711094778,0.8047922122548572,-21.59171966168756
2025-12-31,0.768652128021,0.7957395473418571,-22.474723517281546
2026-01-01,0.676146556672,0.787008723204,-23.14046127194195
2026-01-02,0.780433027499,0.781752347917,-22.48374796201018
2026-01-03,0.752494217391,0.7844480426179999,-20.073674281647904
2026-01-04,0.804614702335,0.7952201983832856,-15.789975566162962
2026-01-05,0.920385666646,0.7969196276202857,-12.642870887001756
2026-01-06,0.963414695887,0.8094487134930001,-8.369568411125716
2026-01-07,1.017214808143,0.8449576677961429,-2.9540952793383313
2026-01-08,0.969015458231,0.8867960823045714,3.4291869234322814
2026-01-09,0.957089207783,0.912032679488,7.7484989796939185
2026-01-10,0.80287033889,0.9192292682735715,9.485665842640344
2026-01-11,0.789693535502,0.9170976730117142,9.324105217266787
2026-01-12,1.014313612337,0.9305159509675714,11.706416894088312
2026-01-13,1.09835056276,0.949792503378,15.171303076216125
2026-01-14,1.168753721245,0.9714409195354285,19.11680034435015
2026-01-15,1.227040917358,1.0083016994107143,24.68250234405025
2026-01-16,1.111775956968,1.0303998064371427,26.874310676520686
2026-01-17,0.965416302518,1.053620658384,28.608462748671037
2026-01-18,1.057621484506,1.0918960796702857,32.82996004601271
2026-01-19,1.118470681107,1.106775660923143,33.95698887416496
2026-01-20,1.167369854809,1.1166355597872857,33.831831194732096
2026-01-21,1.109751264958,1.1082066374605712,32.06335163588974
2026-01-22,1.165644748031,1.0994357561281427,30.259798011606833
2026-01-23,1.098227750683,1.0975002980874284,32.07783334525687
2026-01-24,0.921779225469,1.0912664299375714,35.11920980531136
2026-01-25,0.912436067961,1.0705256561454286,33.52140008852329
2026-01-26,1.123037386403,1.0711780426162856,32.6092284857187
2026-01-27,1.171091999378,1.0717097775547144,32.42781473886187
2026-01-28,1.262244728033,1.0934945579939999,34.815579555147046
2026-01-29,1.2999916158,1.1126869676752857,38.25767082881837
2026-01-30,1.22666485486,1.1310351254148572,42.13634714939636
2026-01-31,1.039939632945,1.1479151836257144,45.85800001713123
2026-02-01,1.126964134499,1.178562050274,50.75900359165022
2026-02-02,1.273715201835,1.2000874524785714,52.98495085454296
2026-02-03,1.347876943352,1.225342444474857,54.088445812370864
2026-02-04,1.420287125277,1.2479199297954284,56.59294696027166
2026-02-05,1.547174716353,1.283231801303,58.531575862971216
2026-02-06,1.535426387252,1.3273405916447143,57.08959658378443
2026-02-07,1.32632643838,1.3682529924211428,54.29172723286957
2026-02-08,1.353520117412,1.4006181328372858,53.57104677691697
2026-02-09,1.662970178669,1.4562259866707143,58.41814843490465
2026-02-10,1.771510403773,1.5167450524451431,65.38533430841773
2026-02-11,1.80907548885,1.5722862472412855,68.96929554043506
2026-02-12,1.817254332924,1.6108690496085714,69.60220720624861
2026-02-13,2.08394401308,1.6892287104411428,73.88898042806159
2026-02-14,1.862446469657,1.7658172863378572,75.12786970108853
2026-02-15,2.007429240268,1.8592328753172858,80.43800704369642
2026-02-16,2.160683192236,1.9303347343982857,83.20965131406533
2026-02-17,2.144256740309,1.9835842110462856,81.66419387138548
2026-02-18,2.279287336434,2.0507573321297143,85.29114838134515
2026-02-19,2.104731463727,2.091825493673,87.33287466427129
2026-02-20,1.966780747786,2.075087884345286,87.24737916209378
2026-02-21,1.629087927199,2.0417509497084283,85.70898193258832
2026-02-22,1.662900393801,1.9925325430702858,81.55189083252148
2026-02-23,1.983658606716,1.9672433165674286,80.2715874509188
2026-02-24,2.00681429766,1.9476086819032854,81.93012663665735
2026-02-25,2.037235418073,1.9130298364231428,78.59121082716433
2026-02-26,2.076458858606,1.9089908928344284,78.12573262045916
2026-02-27,2.03801617586,1.9191673825592857,75.5077214174683
2026-02-28,1.751323139404,1.9366295557314288,74.0498102334738
2026-03-01,1.722164707664,1.9450958862832857,71.97484344881293
2026-03-02,2.108128326245,1.9628772747874286,70.99497443597176
2026-03-03,2.273547839296,2.0009820664497147,69.78164755809955
2026-03-04,2.265259000221,2.033556863899429,69.45072292018983
2026-03-05,2.267474265772,2.0608447792088573,68.1852112853293
2026-03-06,2.168373023832,2.079467186062,66.63466432520934
2026-03-07,1.84415562596,2.092728969855714,63.082692287609035
2026-03-08,1.882578634982,2.1156452451868573,59.389779722275414
2026-03-09,2.248669017744,2.135722486829571,56.09119794800377
2026-03-10,2.409534746507,2.155149187859714,53.8712899206828
2026-03-11,2.489009611997,2.1871135609705714,50.190532306791425
2026-03-12,2.662285537634,2.2435151712365715,47.91643246963642
2026-03-13,2.519741216728,2.2937106273645718,45.883781111046964
2026-03-14,2.22813335251,2.3485645883002855,45.794879408165954
2026-03-15,2.346007662989,2.414768735158429,42.95096455753531
2026-03-16,2.767779301505,2.4889273471242856,40.95044636730747
2026-03-17,3.181345249208,2.599185990367286,39.79883988033097
2026-03-18,3.14466027285,2.692850370489143,39.501731098909374
2026-03-19,2.991713934782,2.739911570081714,38.12932946448928
2026-03-20,3.031782102543,2.8130602680552856,37.171776688659634
2026-03-21,2.575113307121,2.8626288329997145,36.848357650201244
2026-03-22,2.657915686295,2.907187122043428,40.099469712854074
2026-03-23,3.231945717913,2.9734966101017144,45.63463827585552
2026-03-24,3.357950081497,2.998725871857286,50.49821305485733
2026-03-25,3.419322225827,3.037963293711143,54.42742990287417
2026-03-26,3.403698300072,3.096818203038286,59.00618187899762
2026-03-27,3.335334474915,3.140182827662857,64.14709106336596
2026-03-28,2.977810574281,3.1977110086857143,67.50792372496981
2026-03-29,3.003775803833,3.2471195969054287,69.19418422874956
2026-03-30,3.465259816762,3.280450182455286,69.38965806583084
2026-03-31,4.007376688543,3.3732254120332854,73.42206293381702
2026-04-01,4.134447977166,3.475386233653143,77.05570685918266
2026-04-02,4.048754238813,3.5675370820447143,78.2893081283079
2026-04-03,4.098408523329,3.6765476603895713,80.79394413095685
2026-04-04,3.633537155114,3.7702228862228573,82.94550488514798
2026-04-05,3.650719732717,3.862643447492,85.75159412863339
2026-04-06,3.648627007976,3.8888387605225714,85.82620188942538
2026-04-07,3.743261110232,3.851107963621,82.02994913170633
2026-04-08,3.004804586861,3.6897303364345717,72.76262993849392
2026-04-09,2.995509766123,3.5392668403360004,64.22375120354698
2026-04-10,2.866156843428,3.363230886064428,53.77486318414731
2026-04-11,2.377531144134,3.1838014559244283,41.91129602077055
2026-04-12,2.399794998119,3.005097922410428,31.01469237482788
2026-04-13,2.963660177665,2.9072455180802854,23.788186731723272
2026-04-14,3.111294720337,2.816964605238143,16.655668272652502
2026-04-15,3.170561839922,2.840644212818286,14.13126285507591
2026-04-16,3.156078162501,2.863582555158,10.172283390668513
2026-04-17,3.212677206506,2.913085464169143,8.17851211094196
2026-04-18,2.492222660296,2.929469966478,6.9184129322331644
2026-04-19,2.45160167849,2.936870920816714,4.40127977944178
2026-04-20,3.141467469497,2.962271962507,3.48082602811175
2026-04-21,3.329800032475,2.993487007098143,2.9685012154998747
2026-04-22,3.395112382696,3.025565656065857,1.7511049377776589
2026-04-23,3.385337038815,3.0583169241107138,1.9872123961941046
2026-04-24,3.260797101902,3.0651911948815713,0.8962551070578195
2026-04-25,2.718644023929,3.0975371039720003,0.023214179411912284
2026-04-26,2.721357671489,3.1360736744004285,-0.13085713437541724
2026-04-27,3.439516558959,3.1786521157521426,-0.5960167407812467
2026-04-28,3.642413263036,3.2233111486894286,-0.7332174718384321
2026-04-29,3.719634565703,3.2696714605475714,-0.3285744732647422
2026-04-30,3.516853716298,3.288459557330857,-2.512902173689424
2026-05-01,3.33114575201,3.298509364489143,-5.089416176287154
2026-05-02,3.018675147045,3.341370953505714,-6.339559290842034
2026-05-03,3.200328334396,3.409795333921,-7.25551117812262
2026-05-04,3.773704691742,3.457536495747143,-8.293578388119505
2026-05-05,3.945277788086,3.5008028564685714,-9.367693289381151
2026-05-06,3.974219894403,3.53717218914,-9.042971257962762
2026-05-07,3.909997892498,3.5933356428828573,-6.69345869222977
2026-05-08,3.798161358885,3.6600521581507146,-0.8043454555688556
2026-05-09,3.176257362681,3.682563903241572,4.048778161410604
2026-05-10,3.165863287974,3.6776403251812857,9.3484345787741
2026-05-11,3.905714605697,3.696498884317714,16.103310319154996
2026-05-12,4.092127944516,3.7174774780934285,23.705701913087452
2026-05-13,4.160730489152,3.7441218487718575,28.78588428417903
2026-05-14,4.056061959143,3.764988144006857,33.654080601718064
2026-05-15,4.059875915291,3.802375937779143,33.856113364041995
2026-05-16,3.259504872658,3.8142684392044286,33.19917850225811
2026-05-17,3.381324684149,3.845048638658,31.992304583987476
2026-05-18,4.055754243715,3.866482872660572,31.985748852346486
2026-05-19,4.210862992633,3.8834450223915717,32.23070155605019
2026-05-20,4.432249744178,3.9222334873952853,32.406259014647
2026-05-21,4.407039425757,3.9723731254829997,32.70053005286899
2026-05-22,4.545432678861,4.041738377421571,33.586206246042714
2026-05-23,3.553408596037,4.083724623618571,33.52849704436769
2026-05-24,3.726403480245,4.133021594489429,34.83731786098632
2026-05-25,4.240217312996,4.159373461529571,34.280020607209785
2026-05-26,4.948039363637,4.264684371673,35.98801604966584
2026-05-27,4.709260992098,4.304257407090143,35.41140239159692
2026-05-28,4.989829635702,4.387513151368,36.118201097400295
2026-05-29,4.688344429291,4.407929115715143,34.81260025363366
2026-05-30,4.041270217792,4.477623633108714,36.16173637066304
2026-05-31,4.204208986355,4.545881562553,37.81623940476653
2026-06-01,4.709419521534,4.612910449486999,38.05442477577073
2026-06-02,4.882908194498,4.603605996752857,35.011211698124626
2026-06-03,5.563006861569,4.725569692391572,36.67447034049074
2026-06-04,5.415123633763,4.786325977828857,36.72080874205681
2026-06-05,5.438058757447,4.893428024708285,38.342940717795095
2026-06-06,4.819281604061,5.004572508461,39.273727973987334
2026-06-07,5.307512194418,5.16218725247,41.04135759306384
2026-06-08,6.525604702068,5.421642278260571,47.22466250994799
2026-06-09,6.433058136427,5.643092269964714,53.44328892974446
2026-06-10,6.703563165236,5.806028884774285,57.06832509557056
2026-06-11,6.932368797414,6.022778193867286,62.01249985665469
2026-06-12,6.772228231449,6.2133738330104284,65.95009681772328
2026-06-13,5.671428154188,6.335109054457142,68.26371856021451
2026-06-14,5.584867671012,6.374731265399142,67.65126251883547
2026-06-15,6.401300331788,6.356973498216285,66.66298136956004
2026-06-16,7.022241697387,6.441142578353428,67.51784395116307
2026-06-17,7.764051989565,6.592640981829,70.50744045563371
2026-06-18,7.306047428112,6.646023643357286,71.13731764031553
2026-06-19,6.557231537116,6.615309829881143,68.6618058598623
2026-06-20,5.830058052003,6.6379712438547145,67.10341738221295
2026-06-21,5.775767190996,6.665242603852429,64.91029308296108
2026-06-22,6.924964211885,6.740051729580571,65.04667554219756
2026-06-23,7.148395020746,6.758073632917571,63.51411378852057
2026-06-24,7.249457010532,6.684560064484286,60.71074469052606
2026-06-25,6.972685667926,6.636936955886285,55.62551357775325
2026-06-26,6.781230881257,6.668936862192142,54.938151496395314
2026-06-27,5.693223633861,6.649389088171858,51.55257337744088
2026-06-28,5.950391766228,6.674335456062143,51.41657864385367
2026-06-29,7.085048648169,6.697204661245571,49.57051351356772
2026-06-30,7.167154681834,6.699884612829572,47.38361571098364
2026-07-01,6.977198358528,6.660990519686144,44.39886905731958
2026-07-02,6.974615024174,6.661266142007286,44.69670399043262
2026-07-03,6.991826989221,6.691351300287857,41.598827990227335
2026-07-04,5.714894093924,6.6944470802968565,39.8660916809003
2026-07-05,5.809000468188,6.674248323434,36.39208116955752
2026-07-06,7.153369575731,6.684008455942857,33.55803007434726
2026-07-07,7.795823788771,6.773818328362428,31.219926691370926
2026-07-08,7.866992584618,6.900931789232429,27.284896993360075
2026-07-09,7.769244336449,7.014450262414571,24.30153410301108
2026-07-10,7.814025791624,7.1319072341864285,22.83623412362146
2026-07-11,7.239751697474,7.349744034693571,22.032454095312225
2026-07-12,6.980460924641,7.517095528472572,20.98250854528867
2026-07-13,8.945200747827,7.773071410200572,22.698304691877947
2026-07-14,9.313408516626,7.9898692284655715,25.336565508778364
2026-07-15,9.480961115469,8.220436161444285,29.313676763807052
2026-07-16,9.619203914649,8.484716101187143,31.726879167393317
2026-07-17,9.621566458152,8.742936196405429,32.61659812058917
2026-07-18,8.050764751145,8.858795204072715,33.29466880436242
2026-07-19,7.778070946167,8.972739492862143,35.63596752993434
2026-07-20,8.440173824425,8.900592789519,34.086040185229315
